"автор";"род деятельности";"публикация";"год публикации";"формат публикации (переписка/письмо/отрывки/отрывок)";"односторонняя / двусторонняя";"персоналии";"примечания";"электронный источник"
"Гоголь, Николай Васильевич";"писатель";"Гоголь Н. В. Полное собрание сочинений. М., 1952. – Т. 12. Письма. 1842-1845. 720 с., ил.: 4 л. ил.";"1952";"письмо";"односторонняя / двусторонняя";"В. Ф. Одоевскому. (1). ~ 1—7 января 1842.";"";""
"Гоголь, Николай Васильевич";"писатель";"Гоголь Н. В. Полное собрание сочинений. М., 1952. – Т. 12. Письма. 1842-1845. 720 с., ил.: 4 л. ил.";"1952";"письмо";"односторонняя / двусторонняя";"П. А. Плетневу. (1). 7 января 1842.";"";""
"Гоголь, Николай Васильевич";"писатель";"Гоголь Н. В. Полное собрание сочинений. М., 1952. – Т. 12. Письма. 1842-1845. 720 с., ил.: 4 л. ил.";"1952";"письмо";"односторонняя / двусторонняя";"В. Ф. Одоевскому. (1). ~ 24 января 1842.";"";""
"Гоголь, Николай Васильевич";"писатель";"Гоголь Н. В. Полное собрание сочинений. М., 1952. – Т. 12. Письма. 1842-1845. 720 с., ил.: 4 л. ил.";"1952";"письмо";"односторонняя / двусторонняя";"Н. Я. Прокоповичу. (1). ~ 24—27 января 1842.";"";""
"Гоголь, Николай Васильевич";"писатель";"Гоголь Н. В. Полное собрание сочинений. М., 1952. – Т. 12. Письма. 1842-1845. 720 с., ил.: 4 л. ил.";"1952";"письмо";"односторонняя / двусторонняя";"В. Ф. Одоевскому. (1). 27 января 1842.";"";""
"Гоголь, Николай Васильевич";"писатель";"Гоголь Н. В. Полное собрание сочинений. М., 1952. – Т. 12. Письма. 1842-1845. 720 с., ил.: 4 л. ил.";"1952";"письмо";"односторонняя / двусторонняя";"М. П. Балабиной. (1). январь 1842.";"";""
"Гоголь, Николай Васильевич";"писатель";"Гоголь Н. В. Полное собрание сочинений. М., 1952. – Т. 12. Письма. 1842-1845. 720 с., ил.: 4 л. ил.";"1952";"письмо";"односторонняя / двусторонняя";"П. А. Плетневу. (1). 6 февраля 1842.";"";""
"Гоголь, Николай Васильевич";"писатель";"Гоголь Н. В. Полное собрание сочинений. М., 1952. – Т. 12. Письма. 1842-1845. 720 с., ил.: 4 л. ил.";"1952";"письмо";"односторонняя / двусторонняя";"Н. М. Языкову. (1). 10 февраля 1842.";"";""
"Гоголь, Николай Васильевич";"писатель";"Гоголь Н. В. Полное собрание сочинений. М., 1952. – Т. 12. Письма. 1842-1845. 720 с., ил.: 4 л. ил.";"1952";"письмо";"односторонняя / двусторонняя";"М. П. Погодину. (1). январь — первая половина февраля 1842.";"";""
"Гоголь, Николай Васильевич";"писатель";"Гоголь Н. В. Полное собрание сочинений. М., 1952. – Т. 12. Письма. 1842-1845. 720 с., ил.: 4 л. ил.";"1952";"письмо";"односторонняя / двусторонняя";"П. А. Плетневу. (1). 17 февраля 1842.";"";""
"Гоголь, Николай Васильевич";"писатель";"Гоголь Н. В. Полное собрание сочинений. М., 1952. – Т. 12. Письма. 1842-1845. 720 с., ил.: 4 л. ил.";"1952";"письмо";"односторонняя / двусторонняя";"М. П. Балабиной. (1). 17 февраля 1842.";"";""
"Гоголь, Николай Васильевич";"писатель";"Гоголь Н. В. Полное собрание сочинений. М., 1952. – Т. 12. Письма. 1842-1845. 720 с., ил.: 4 л. ил.";"1952";"письмо";"односторонняя / двусторонняя";"М. П. Погодину. (1). ~ 24 февраля 1842.";"";""
"Гоголь, Николай Васильевич";"писатель";"Гоголь Н. В. Полное собрание сочинений. М., 1952. – Т. 12. Письма. 1842-1845. 720 с., ил.: 4 л. ил.";"1952";"письмо";"односторонняя / двусторонняя";"М. П. Погодину. (1). 24 февраля 1842.";"";""
"Гоголь, Николай Васильевич";"писатель";"Гоголь Н. В. Полное собрание сочинений. М., 1952. – Т. 12. Письма. 1842-1845. 720 с., ил.: 4 л. ил.";"1952";"письмо";"односторонняя / двусторонняя";"Н. Я. Прокоповичу. (1). 24 февраля 1842.";"";""
"Гоголь, Николай Васильевич";"писатель";"Гоголь Н. В. Полное собрание сочинений. М., 1952. – Т. 12. Письма. 1842-1845. 720 с., ил.: 4 л. ил.";"1952";"письмо";"односторонняя / двусторонняя";"М. П. Погодину. (1). вторая половина февраля 1842.";"";""
"Гоголь, Николай Васильевич";"писатель";"Гоголь Н. В. Полное собрание сочинений. М., 1952. – Т. 12. Письма. 1842-1845. 720 с., ил.: 4 л. ил.";"1952";"письмо";"односторонняя / двусторонняя";"С. С. Уварову. (1). ~ 24 февраля—4 марта 1842.";"";""
"Гоголь, Николай Васильевич";"писатель";"Гоголь Н. В. Полное собрание сочинений. М., 1952. – Т. 12. Письма. 1842-1845. 720 с., ил.: 4 л. ил.";"1952";"письмо";"односторонняя / двусторонняя";"М. А. Дондукову-Корсакову. (1). ~ 24 февраля—4 марта 1842.";"";""
"Гоголь, Николай Васильевич";"писатель";"Гоголь Н. В. Полное собрание сочинений. М., 1952. – Т. 12. Письма. 1842-1845. 720 с., ил.: 4 л. ил.";"1952";"письмо";"односторонняя / двусторонняя";"П. А. Плетневу. (1). 4 марта 1842.";"";""
"Гоголь, Николай Васильевич";"писатель";"Гоголь Н. В. Полное собрание сочинений. М., 1952. – Т. 12. Письма. 1842-1845. 720 с., ил.: 4 л. ил.";"1952";"письмо";"односторонняя / двусторонняя";"М. П. Погодину. (1). конец февраля — начало марта 1842.";"";""
"Гоголь, Николай Васильевич";"писатель";"Гоголь Н. В. Полное собрание сочинений. М., 1952. – Т. 12. Письма. 1842-1845. 720 с., ил.: 4 л. ил.";"1952";"письмо";"односторонняя / двусторонняя";"М. П. Погодину. (1). конец февраля — начало марта 1842.";"";""
"Гоголь, Николай Васильевич";"писатель";"Гоголь Н. В. Полное собрание сочинений. М., 1952. – Т. 12. Письма. 1842-1845. 720 с., ил.: 4 л. ил.";"1952";"письмо";"односторонняя / двусторонняя";"М. П. Погодину. (1). конец февраля — начало марта 1842.";"";""
"Гоголь, Николай Васильевич";"писатель";"Гоголь Н. В. Полное собрание сочинений. М., 1952. – Т. 12. Письма. 1842-1845. 720 с., ил.: 4 л. ил.";"1952";"письмо";"односторонняя / двусторонняя";"М. П. Погодину. (1). ~ 1—11 марта 1842.";"";""
"Гоголь, Николай Васильевич";"писатель";"Гоголь Н. В. Полное собрание сочинений. М., 1952. – Т. 12. Письма. 1842-1845. 720 с., ил.: 4 л. ил.";"1952";"письмо";"односторонняя / двусторонняя";"Н. Я. Прокоповичу. (1). 13 марта 1842.";"";""
"Гоголь, Николай Васильевич";"писатель";"Гоголь Н. В. Полное собрание сочинений. М., 1952. – Т. 12. Письма. 1842-1845. 720 с., ил.: 4 л. ил.";"1952";"письмо";"односторонняя / двусторонняя";"М. П. Погодину. (1). ~ 7—14 марта 1842.";"";""
"Гоголь, Николай Васильевич";"писатель";"Гоголь Н. В. Полное собрание сочинений. М., 1952. – Т. 12. Письма. 1842-1845. 720 с., ил.: 4 л. ил.";"1952";"письмо";"односторонняя / двусторонняя";"М. П. Погодину. (1). ~ 14 марта 1842.";"";""
"Гоголь, Николай Васильевич";"писатель";"Гоголь Н. В. Полное собрание сочинений. М., 1952. – Т. 12. Письма. 1842-1845. 720 с., ил.: 4 л. ил.";"1952";"письмо";"односторонняя / двусторонняя";"М. П. Погодину. (1). 16 марта 1842.";"";""
"Гоголь, Николай Васильевич";"писатель";"Гоголь Н. В. Полное собрание сочинений. М., 1952. – Т. 12. Письма. 1842-1845. 720 с., ил.: 4 л. ил.";"1952";"письмо";"односторонняя / двусторонняя";"П. А. Плетневу. (1). 17 марта 1842.";"";""
"Гоголь, Николай Васильевич";"писатель";"Гоголь Н. В. Полное собрание сочинений. М., 1952. – Т. 12. Письма. 1842-1845. 720 с., ил.: 4 л. ил.";"1952";"письмо";"односторонняя / двусторонняя";"М. И. Гоголь. (1). 22 марта 1842.";"";""
"Гоголь, Николай Васильевич";"писатель";"Гоголь Н. В. Полное собрание сочинений. М., 1952. – Т. 12. Письма. 1842-1845. 720 с., ил.: 4 л. ил.";"1952";"письмо";"односторонняя / двусторонняя";"Н. Я. Прокоповичу. (1). 25 марта 1842.";"";""
"Гоголь, Николай Васильевич";"писатель";"Гоголь Н. В. Полное собрание сочинений. М., 1952. – Т. 12. Письма. 1842-1845. 720 с., ил.: 4 л. ил.";"1952";"письмо";"односторонняя / двусторонняя";"П. А. Плетневу. (1). 27 марта 1842.";"";""
"Гоголь, Николай Васильевич";"писатель";"Гоголь Н. В. Полное собрание сочинений. М., 1952. – Т. 12. Письма. 1842-1845. 720 с., ил.: 4 л. ил.";"1952";"письмо";"односторонняя / двусторонняя";"Н. Я. Прокоповичу. (1). 30 марта 1842.";"";""
"Гоголь, Николай Васильевич";"писатель";"Гоголь Н. В. Полное собрание сочинений. М., 1952. – Т. 12. Письма. 1842-1845. 720 с., ил.: 4 л. ил.";"1952";"письмо";"односторонняя / двусторонняя";"Н. М. Языкову. (1). 30 марта 1842.";"";""
"Гоголь, Николай Васильевич";"писатель";"Гоголь Н. В. Полное собрание сочинений. М., 1952. – Т. 12. Письма. 1842-1845. 720 с., ил.: 4 л. ил.";"1952";"письмо";"односторонняя / двусторонняя";"А. С. Данилевскому. (1). 4 апреля 1842.";"";""
"Гоголь, Николай Васильевич";"писатель";"Гоголь Н. В. Полное собрание сочинений. М., 1952. – Т. 12. Письма. 1842-1845. 720 с., ил.: 4 л. ил.";"1952";"письмо";"односторонняя / двусторонняя";"М. П. Погодину. (1). март — начало апреля 1842.";"";""
"Гоголь, Николай Васильевич";"писатель";"Гоголь Н. В. Полное собрание сочинений. М., 1952. – Т. 12. Письма. 1842-1845. 720 с., ил.: 4 л. ил.";"1952";"письмо";"односторонняя / двусторонняя";"М. П. Погодину. (1). март — начало апреля 1842.";"";""
"Гоголь, Николай Васильевич";"писатель";"Гоголь Н. В. Полное собрание сочинений. М., 1952. – Т. 12. Письма. 1842-1845. 720 с., ил.: 4 л. ил.";"1952";"письмо";"односторонняя / двусторонняя";"М. П. Погодину. (1). март — начало апреля 1842.";"";""
"Гоголь, Николай Васильевич";"писатель";"Гоголь Н. В. Полное собрание сочинений. М., 1952. – Т. 12. Письма. 1842-1845. 720 с., ил.: 4 л. ил.";"1952";"письмо";"односторонняя / двусторонняя";"Н. Я. Прокоповичу. (1). 9 апреля 1842.";"";""
"Гоголь, Николай Васильевич";"писатель";"Гоголь Н. В. Полное собрание сочинений. М., 1952. – Т. 12. Письма. 1842-1845. 720 с., ил.: 4 л. ил.";"1952";"письмо";"односторонняя / двусторонняя";"П. А. Плетневу. (1). 10 апреля 1842.";"";""
"Гоголь, Николай Васильевич";"писатель";"Гоголь Н. В. Полное собрание сочинений. М., 1952. – Т. 12. Письма. 1842-1845. 720 с., ил.: 4 л. ил.";"1952";"письмо";"односторонняя / двусторонняя";"А. В. Никитенко. (1). 10 апреля 1842.";"";""
"Гоголь, Николай Васильевич";"писатель";"Гоголь Н. В. Полное собрание сочинений. М., 1952. – Т. 12. Письма. 1842-1845. 720 с., ил.: 4 л. ил.";"1952";"письмо";"односторонняя / двусторонняя";"Н. Я. Прокоповичу. (1). 15 апреля 1842.";"";""
"Гоголь, Николай Васильевич";"писатель";"Гоголь Н. В. Полное собрание сочинений. М., 1952. – Т. 12. Письма. 1842-1845. 720 с., ил.: 4 л. ил.";"1952";"письмо";"односторонняя / двусторонняя";"М. П. Погодину. (1). вторая половина апреля (до 28) 1842.";"";""
"Гоголь, Николай Васильевич";"писатель";"Гоголь Н. В. Полное собрание сочинений. М., 1952. – Т. 12. Письма. 1842-1845. 720 с., ил.: 4 л. ил.";"1952";"письмо";"односторонняя / двусторонняя";"М. П. Погодину. (1). вторая половина апреля (до 28) 1842.";"";""
"Гоголь, Николай Васильевич";"писатель";"Гоголь Н. В. Полное собрание сочинений. М., 1952. – Т. 12. Письма. 1842-1845. 720 с., ил.: 4 л. ил.";"1952";"письмо";"односторонняя / двусторонняя";"М. П. Погодину. (1). 30 апреля 1842.";"";""
"Гоголь, Николай Васильевич";"писатель";"Гоголь Н. В. Полное собрание сочинений. М., 1952. – Т. 12. Письма. 1842-1845. 720 с., ил.: 4 л. ил.";"1952";"письмо";"односторонняя / двусторонняя";"А. С. Данилевскому. (1). 9 мая 1842.";"";""
"Гоголь, Николай Васильевич";"писатель";"Гоголь Н. В. Полное собрание сочинений. М., 1952. – Т. 12. Письма. 1842-1845. 720 с., ил.: 4 л. ил.";"1952";"письмо";"односторонняя / двусторонняя";"В. А. Жуковскому. (1). 10 мая 1842.";"";""
"Гоголь, Николай Васильевич";"писатель";"Гоголь Н. В. Полное собрание сочинений. М., 1952. – Т. 12. Письма. 1842-1845. 720 с., ил.: 4 л. ил.";"1952";"письмо";"односторонняя / двусторонняя";"Н. Я. Прокоповичу. (1). 11 мая 1842.";"";""
"Гоголь, Николай Васильевич";"писатель";"Гоголь Н. В. Полное собрание сочинений. М., 1952. – Т. 12. Письма. 1842-1845. 720 с., ил.: 4 л. ил.";"1952";"письмо";"односторонняя / двусторонняя";"Н. Я. Прокоповичу. (1). 15 мая 1842.";"";""
"Гоголь, Николай Васильевич";"писатель";"Гоголь Н. В. Полное собрание сочинений. М., 1952. – Т. 12. Письма. 1842-1845. 720 с., ил.: 4 л. ил.";"1952";"письмо";"односторонняя / двусторонняя";"А. А. Иванову. (1). 16 мая 1842.";"";""
"Гоголь, Николай Васильевич";"писатель";"Гоголь Н. В. Полное собрание сочинений. М., 1952. – Т. 12. Письма. 1842-1845. 720 с., ил.: 4 л. ил.";"1952";"письмо";"односторонняя / двусторонняя";"П. М. Языкову. (1). 18 мая 1842.";"";""
"Гоголь, Николай Васильевич";"писатель";"Гоголь Н. В. Полное собрание сочинений. М., 1952. – Т. 12. Письма. 1842-1845. 720 с., ил.: 4 л. ил.";"1952";"письмо";"односторонняя / двусторонняя";"М. П. Погодину. (1). ~ 10—22 мая 1842.";"";""
"Гоголь, Николай Васильевич";"писатель";"Гоголь Н. В. Полное собрание сочинений. М., 1952. – Т. 12. Письма. 1842-1845. 720 с., ил.: 4 л. ил.";"1952";"письмо";"односторонняя / двусторонняя";"М. П. Погодину. (1). ~ 10—22 мая 1842.";"";""
"Гоголь, Николай Васильевич";"писатель";"Гоголь Н. В. Полное собрание сочинений. М., 1952. – Т. 12. Письма. 1842-1845. 720 с., ил.: 4 л. ил.";"1952";"письмо";"односторонняя / двусторонняя";"Иннокентию А. Борисову. (1). 22 мая 1842.";"";""
"Гоголь, Николай Васильевич";"писатель";"Гоголь Н. В. Полное собрание сочинений. М., 1952. – Т. 12. Письма. 1842-1845. 720 с., ил.: 4 л. ил.";"1952";"письмо";"односторонняя / двусторонняя";"М. П. Погодину. (1). ~ 17—23 мая 1842.";"";""
"Гоголь, Николай Васильевич";"писатель";"Гоголь Н. В. Полное собрание сочинений. М., 1952. – Т. 12. Письма. 1842-1845. 720 с., ил.: 4 л. ил.";"1952";"письмо";"односторонняя / двусторонняя";"М. П. Погодину. (1). ~ 17—23 мая 1842.";"";""
"Гоголь, Николай Васильевич";"писатель";"Гоголь Н. В. Полное собрание сочинений. М., 1952. – Т. 12. Письма. 1842-1845. 720 с., ил.: 4 л. ил.";"1952";"письмо";"односторонняя / двусторонняя";"В. И. Усачеву. (1). ~ 17—23 мая 1842.";"";""
"Гоголь, Николай Васильевич";"писатель";"Гоголь Н. В. Полное собрание сочинений. М., 1952. – Т. 12. Письма. 1842-1845. 720 с., ил.: 4 л. ил.";"1952";"письмо";"односторонняя / двусторонняя";"Н. М. Языкову. (1). ~ 18—23 мая 1842.";"";""
"Гоголь, Николай Васильевич";"писатель";"Гоголь Н. В. Полное собрание сочинений. М., 1952. – Т. 12. Письма. 1842-1845. 720 с., ил.: 4 л. ил.";"1952";"письмо";"односторонняя / двусторонняя";"С. Т. Аксакову. (1). октябрь 1841 — 23 мая 1842.";"";""
"Гоголь, Николай Васильевич";"писатель";"Гоголь Н. В. Полное собрание сочинений. М., 1952. – Т. 12. Письма. 1842-1845. 720 с., ил.: 4 л. ил.";"1952";"письмо";"односторонняя / двусторонняя";"М. П. Погодину. (1). октябрь 1841 — 23 мая 1842.";"";""
"Гоголь, Николай Васильевич";"писатель";"Гоголь Н. В. Полное собрание сочинений. М., 1952. – Т. 12. Письма. 1842-1845. 720 с., ил.: 4 л. ил.";"1952";"письмо";"односторонняя / двусторонняя";"М. П. Погодину. (1). февраль — 23 мая 1842.";"";""
"Гоголь, Николай Васильевич";"писатель";"Гоголь Н. В. Полное собрание сочинений. М., 1952. – Т. 12. Письма. 1842-1845. 720 с., ил.: 4 л. ил.";"1952";"письмо";"односторонняя / двусторонняя";"Н. Н. Шереметевой. (1). май — 4 июня 1842.";"";""
"Гоголь, Николай Васильевич";"писатель";"Гоголь Н. В. Полное собрание сочинений. М., 1952. – Т. 12. Письма. 1842-1845. 720 с., ил.: 4 л. ил.";"1952";"письмо";"односторонняя / двусторонняя";"Е. В. Погодиной. (1). 4 июня 1842.";"";""
"Гоголь, Николай Васильевич";"писатель";"Гоголь Н. В. Полное собрание сочинений. М., 1952. – Т. 12. Письма. 1842-1845. 720 с., ил.: 4 л. ил.";"1952";"письмо";"односторонняя / двусторонняя";"С. Т. Аксакову. (1). 4 июня 1842.";"";""
"Гоголь, Николай Васильевич";"писатель";"Гоголь Н. В. Полное собрание сочинений. М., 1952. – Т. 12. Письма. 1842-1845. 720 с., ил.: 4 л. ил.";"1952";"письмо";"односторонняя / двусторонняя";"М. И. Гоголь. (1). 4 июня 1842.";"";""
"Гоголь, Николай Васильевич";"писатель";"Гоголь Н. В. Полное собрание сочинений. М., 1952. – Т. 12. Письма. 1842-1845. 720 с., ил.: 4 л. ил.";"1952";"письмо";"односторонняя / двусторонняя";"С. П. Шевыреву. (1). 4 июня 1842.";"";""
"Гоголь, Николай Васильевич";"писатель";"Гоголь Н. В. Полное собрание сочинений. М., 1952. – Т. 12. Письма. 1842-1845. 720 с., ил.: 4 л. ил.";"1952";"письмо";"односторонняя / двусторонняя";"В. Ф. Одоевскому. (1). 1833 — 4 июня 1842.";"";""
"Гоголь, Николай Васильевич";"писатель";"Гоголь Н. В. Полное собрание сочинений. М., 1952. – Т. 12. Письма. 1842-1845. 720 с., ил.: 4 л. ил.";"1952";"письмо";"односторонняя / двусторонняя";"В. А. Жуковскому. (1). 26 июня 1842.";"";""
"Гоголь, Николай Васильевич";"писатель";"Гоголь Н. В. Полное собрание сочинений. М., 1952. – Т. 12. Письма. 1842-1845. 720 с., ил.: 4 л. ил.";"1952";"письмо";"односторонняя / двусторонняя";"В. А. Жуковскому. (1). 20 июля 1842.";"";""
"Гоголь, Николай Васильевич";"писатель";"Гоголь Н. В. Полное собрание сочинений. М., 1952. – Т. 12. Письма. 1842-1845. 720 с., ил.: 4 л. ил.";"1952";"письмо";"односторонняя / двусторонняя";"П. В. Нащокину. (1). 20 июля 1842.";"";""
"Гоголь, Николай Васильевич";"писатель";"Гоголь Н. В. Полное собрание сочинений. М., 1952. – Т. 12. Письма. 1842-1845. 720 с., ил.: 4 л. ил.";"1952";"письмо";"односторонняя / двусторонняя";"Д. Е. Бенардаки. (1). ~ 20 июля 1842.";"";""
"Гоголь, Николай Васильевич";"писатель";"Гоголь Н. В. Полное собрание сочинений. М., 1952. – Т. 12. Письма. 1842-1845. 720 с., ил.: 4 л. ил.";"1952";"письмо";"односторонняя / двусторонняя";"Неустановленному лицу. (1). ~20 июля 1842.";"";""
"Гоголь, Николай Васильевич";"писатель";"Гоголь Н. В. Полное собрание сочинений. М., 1952. – Т. 12. Письма. 1842-1845. 720 с., ил.: 4 л. ил.";"1952";"письмо";"односторонняя / двусторонняя";"С. Т. Аксакову. (1). 27 июля 1842.";"";""
"Гоголь, Николай Васильевич";"писатель";"Гоголь Н. В. Полное собрание сочинений. М., 1952. – Т. 12. Письма. 1842-1845. 720 с., ил.: 4 л. ил.";"1952";"письмо";"односторонняя / двусторонняя";"Н. Я. Прокоповичу. (1). 27 июля 1842.";"";""
"Гоголь, Николай Васильевич";"писатель";"Гоголь Н. В. Полное собрание сочинений. М., 1952. – Т. 12. Письма. 1842-1845. 720 с., ил.: 4 л. ил.";"1952";"письмо";"односторонняя / двусторонняя";"А. А. Иванову. (1). 20 июля 1842.";"";""
"Гоголь, Николай Васильевич";"писатель";"Гоголь Н. В. Полное собрание сочинений. М., 1952. – Т. 12. Письма. 1842-1845. 720 с., ил.: 4 л. ил.";"1952";"письмо";"односторонняя / двусторонняя";"Н. М. Языкову. (1). 5 августа 1842.";"";""
"Гоголь, Николай Васильевич";"писатель";"Гоголь Н. В. Полное собрание сочинений. М., 1952. – Т. 12. Письма. 1842-1845. 720 с., ил.: 4 л. ил.";"1952";"письмо";"односторонняя / двусторонняя";"С. П. Шевыреву. (1). 15 августа 1842.";"";""
"Гоголь, Николай Васильевич";"писатель";"Гоголь Н. В. Полное собрание сочинений. М., 1952. – Т. 12. Письма. 1842-1845. 720 с., ил.: 4 л. ил.";"1952";"письмо";"односторонняя / двусторонняя";"С. Т. Аксакову. (1). 18 августа 1842.";"";""
"Гоголь, Николай Васильевич";"писатель";"Гоголь Н. В. Полное собрание сочинений. М., 1952. – Т. 12. Письма. 1842-1845. 720 с., ил.: 4 л. ил.";"1952";"письмо";"односторонняя / двусторонняя";"А. П. Елагиной. (1). ~ 18 августа 1842.";"";""
"Гоголь, Николай Васильевич";"писатель";"Гоголь Н. В. Полное собрание сочинений. М., 1952. – Т. 12. Письма. 1842-1845. 720 с., ил.: 4 л. ил.";"1952";"письмо";"односторонняя / двусторонняя";"А. С. Данилевскому. (1). 22 августа 1842.";"";""
"Гоголь, Николай Васильевич";"писатель";"Гоголь Н. В. Полное собрание сочинений. М., 1952. – Т. 12. Письма. 1842-1845. 720 с., ил.: 4 л. ил.";"1952";"письмо";"односторонняя / двусторонняя";"А. А. Иванову. (1). август 1842.";"";""
"Гоголь, Николай Васильевич";"писатель";"Гоголь Н. В. Полное собрание сочинений. М., 1952. – Т. 12. Письма. 1842-1845. 720 с., ил.: 4 л. ил.";"1952";"письмо";"односторонняя / двусторонняя";"А. А. Иванову. (1). 30 августа 1842.";"";""
"Гоголь, Николай Васильевич";"писатель";"Гоголь Н. В. Полное собрание сочинений. М., 1952. – Т. 12. Письма. 1842-1845. 720 с., ил.: 4 л. ил.";"1952";"письмо";"односторонняя / двусторонняя";"М. И. Гоголь. (1). 1 сентября 1842.";"";""
"Гоголь, Николай Васильевич";"писатель";"Гоголь Н. В. Полное собрание сочинений. М., 1952. – Т. 12. Письма. 1842-1845. 720 с., ил.: 4 л. ил.";"1952";"письмо";"односторонняя / двусторонняя";"М. В. Гоголь. (1). август — сентябрь 1842.";"";""
"Гоголь, Николай Васильевич";"писатель";"Гоголь Н. В. Полное собрание сочинений. М., 1952. – Т. 12. Письма. 1842-1845. 720 с., ил.: 4 л. ил.";"1952";"письмо";"односторонняя / двусторонняя";"Н. Я. Прокоповичу. (1). 10 сентября 1842.";"";""
"Гоголь, Николай Васильевич";"писатель";"Гоголь Н. В. Полное собрание сочинений. М., 1952. – Т. 12. Письма. 1842-1845. 720 с., ил.: 4 л. ил.";"1952";"письмо";"односторонняя / двусторонняя";"П. А. Вяземскому. (1). июль — сентябрь 1842.";"";""
"Гоголь, Николай Васильевич";"писатель";"Гоголь Н. В. Полное собрание сочинений. М., 1952. – Т. 12. Письма. 1842-1845. 720 с., ил.: 4 л. ил.";"1952";"письмо";"односторонняя / двусторонняя";"Гартману. (1). 13 октября 1842.";"";""
"Гоголь, Николай Васильевич";"писатель";"Гоголь Н. В. Полное собрание сочинений. М., 1952. – Т. 12. Письма. 1842-1845. 720 с., ил.: 4 л. ил.";"1952";"письмо";"односторонняя / двусторонняя";"Н. Я. Прокоповичу. (1). 22 октября 1842.";"";""
"Гоголь, Николай Васильевич";"писатель";"Гоголь Н. В. Полное собрание сочинений. М., 1952. – Т. 12. Письма. 1842-1845. 720 с., ил.: 4 л. ил.";"1952";"письмо";"односторонняя / двусторонняя";"А. С. Данилевскому. (1). 23 октября 1842.";"";""
"Гоголь, Николай Васильевич";"писатель";"Гоголь Н. В. Полное собрание сочинений. М., 1952. – Т. 12. Письма. 1842-1845. 720 с., ил.: 4 л. ил.";"1952";"письмо";"односторонняя / двусторонняя";"А. В. Никитенко. (1). 30 октября 1842.";"";""
"Гоголь, Николай Васильевич";"писатель";"Гоголь Н. В. Полное собрание сочинений. М., 1952. – Т. 12. Письма. 1842-1845. 720 с., ил.: 4 л. ил.";"1952";"письмо";"односторонняя / двусторонняя";"В. А. Жуковскому. (1). 1 ноября 1842.";"";""
"Гоголь, Николай Васильевич";"писатель";"Гоголь Н. В. Полное собрание сочинений. М., 1952. – Т. 12. Письма. 1842-1845. 720 с., ил.: 4 л. ил.";"1952";"письмо";"односторонняя / двусторонняя";"М. П. Балабиной. (1). 2 ноября 1842.";"";""
"Гоголь, Николай Васильевич";"писатель";"Гоголь Н. В. Полное собрание сочинений. М., 1952. – Т. 12. Письма. 1842-1845. 720 с., ил.: 4 л. ил.";"1952";"письмо";"односторонняя / двусторонняя";"П. А. Плетневу. (1). 2 ноября 1842.";"";""
"Гоголь, Николай Васильевич";"писатель";"Гоголь Н. В. Полное собрание сочинений. М., 1952. – Т. 12. Письма. 1842-1845. 720 с., ил.: 4 л. ил.";"1952";"письмо";"односторонняя / двусторонняя";"С. П. Шевыреву. (1). 12 ноября 1842.";"";""
"Гоголь, Николай Васильевич";"писатель";"Гоголь Н. В. Полное собрание сочинений. М., 1952. – Т. 12. Письма. 1842-1845. 720 с., ил.: 4 л. ил.";"1952";"письмо";"односторонняя / двусторонняя";"И. Я. Прокоповичу. (1). 26 ноября 1842.";"";""
"Гоголь, Николай Васильевич";"писатель";"Гоголь Н. В. Полное собрание сочинений. М., 1952. – Т. 12. Письма. 1842-1845. 720 с., ил.: 4 л. ил.";"1952";"письмо";"односторонняя / двусторонняя";"М. С. Щепкину. (1). 26 ноября 1842.";"";""
"Гоголь, Николай Васильевич";"писатель";"Гоголь Н. В. Полное собрание сочинений. М., 1952. – Т. 12. Письма. 1842-1845. 720 с., ил.: 4 л. ил.";"1952";"письмо";"односторонняя / двусторонняя";"П. А. Плетневу. (1). 28 ноября 1842.";"";""
"Гоголь, Николай Васильевич";"писатель";"Гоголь Н. В. Полное собрание сочинений. М., 1952. – Т. 12. Письма. 1842-1845. 720 с., ил.: 4 л. ил.";"1952";"письмо";"односторонняя / двусторонняя";"М. С. Щепкину. (1). 28 ноября 1842.";"";""
"Гоголь, Николай Васильевич";"писатель";"Гоголь Н. В. Полное собрание сочинений. М., 1952. – Т. 12. Письма. 1842-1845. 720 с., ил.: 4 л. ил.";"1952";"письмо";"односторонняя / двусторонняя";"А. О. Смирновой. (1). 29 ноября 1842.";"";""
"Гоголь, Николай Васильевич";"писатель";"Гоголь Н. В. Полное собрание сочинений. М., 1952. – Т. 12. Письма. 1842-1845. 720 с., ил.: 4 л. ил.";"1952";"письмо";"односторонняя / двусторонняя";"О. С. Аксаковой. (1). ~ 29 ноября 1842.";"";""
"Гоголь, Николай Васильевич";"писатель";"Гоголь Н. В. Полное собрание сочинений. М., 1952. – Т. 12. Письма. 1842-1845. 720 с., ил.: 4 л. ил.";"1952";"письмо";"односторонняя / двусторонняя";"К. С. Аксакову. (1). ~ 29 ноября 1842.";"";""
"Гоголь, Николай Васильевич";"писатель";"Гоголь Н. В. Полное собрание сочинений. М., 1952. – Т. 12. Письма. 1842-1845. 720 с., ил.: 4 л. ил.";"1952";"письмо";"односторонняя / двусторонняя";"Н. Н. Шереметевой. (1). ноябрь 1842.";"";""
"Гоголь, Николай Васильевич";"писатель";"Гоголь Н. В. Полное собрание сочинений. М., 1952. – Т. 12. Письма. 1842-1845. 720 с., ил.: 4 л. ил.";"1952";"письмо";"односторонняя / двусторонняя";"Неустановленному лицу. (1). ноябрь 1842.";"";""
"Гоголь, Николай Васильевич";"писатель";"Гоголь Н. В. Полное собрание сочинений. М., 1952. – Т. 12. Письма. 1842-1845. 720 с., ил.: 4 л. ил.";"1952";"письмо";"односторонняя / двусторонняя";"М. С. Щепкину. (1). 3 декабря 1842.";"";""
"Гоголь, Николай Васильевич";"писатель";"Гоголь Н. В. Полное собрание сочинений. М., 1952. – Т. 12. Письма. 1842-1845. 720 с., ил.: 4 л. ил.";"1952";"письмо";"односторонняя / двусторонняя";"А. О. Смирновой. (1). 17 декабря 1842.";"";""
"Гоголь, Николай Васильевич";"писатель";"Гоголь Н. В. Полное собрание сочинений. М., 1952. – Т. 12. Письма. 1842-1845. 720 с., ил.: 4 л. ил.";"1952";"письмо";"односторонняя / двусторонняя";"Неустановленному лицу. (1). вторая половина 1842.";"";""
"Гоголь, Николай Васильевич";"писатель";"Гоголь Н. В. Полное собрание сочинений. М., 1952. – Т. 12. Письма. 1842-1845. 720 с., ил.: 4 л. ил.";"1952";"письмо";"односторонняя / двусторонняя";"Н. Н. Шереметевой. (1). 5 января 1843.";"";""
"Гоголь, Николай Васильевич";"писатель";"Гоголь Н. В. Полное собрание сочинений. М., 1952. – Т. 12. Письма. 1842-1845. 720 с., ил.: 4 л. ил.";"1952";"письмо";"односторонняя / двусторонняя";"Н. Н. Шереметевой. (1). 18 февраля 1843.";"";""
"Гоголь, Николай Васильевич";"писатель";"Гоголь Н. В. Полное собрание сочинений. М., 1952. – Т. 12. Письма. 1842-1845. 720 с., ил.: 4 л. ил.";"1952";"письмо";"односторонняя / двусторонняя";"А. С. Данилевскому. (1). 26 февраля 1843.";"";""
"Гоголь, Николай Васильевич";"писатель";"Гоголь Н. В. Полное собрание сочинений. М., 1952. – Т. 12. Письма. 1842-1845. 720 с., ил.: 4 л. ил.";"1952";"письмо";"односторонняя / двусторонняя";"С. П. Шевыреву. (1). 28 февраля 1843.";"";""
"Гоголь, Николай Васильевич";"писатель";"Гоголь Н. В. Полное собрание сочинений. М., 1952. – Т. 12. Письма. 1842-1845. 720 с., ил.: 4 л. ил.";"1952";"письмо";"односторонняя / двусторонняя";"С. П. Шевыреву. (1). 2 марта 1843.";"";""
"Гоголь, Николай Васильевич";"писатель";"Гоголь Н. В. Полное собрание сочинений. М., 1952. – Т. 12. Письма. 1842-1845. 720 с., ил.: 4 л. ил.";"1952";"письмо";"односторонняя / двусторонняя";"С. Т. Аксакову. (1). 18 марта 1843.";"";""
"Гоголь, Николай Васильевич";"писатель";"Гоголь Н. В. Полное собрание сочинений. М., 1952. – Т. 12. Письма. 1842-1845. 720 с., ил.: 4 л. ил.";"1952";"письмо";"односторонняя / двусторонняя";"Н. Н. Шереметевой. (1). ~ 20 марта 1843.";"";""
"Гоголь, Николай Васильевич";"писатель";"Гоголь Н. В. Полное собрание сочинений. М., 1952. – Т. 12. Письма. 1842-1845. 720 с., ил.: 4 л. ил.";"1952";"письмо";"односторонняя / двусторонняя";"В. А. Жуковскому. (1). 28 марта 1843.";"";""
"Гоголь, Николай Васильевич";"писатель";"Гоголь Н. В. Полное собрание сочинений. М., 1952. – Т. 12. Письма. 1842-1845. 720 с., ил.: 4 л. ил.";"1952";"письмо";"односторонняя / двусторонняя";"Н. Я. Прокоповичу. (1). 28 марта 1843.";"";""
"Гоголь, Николай Васильевич";"писатель";"Гоголь Н. В. Полное собрание сочинений. М., 1952. – Т. 12. Письма. 1842-1845. 720 с., ил.: 4 л. ил.";"1952";"письмо";"односторонняя / двусторонняя";"С. П. Шевыреву. (1). 7 апреля 1843.";"";""
"Гоголь, Николай Васильевич";"писатель";"Гоголь Н. В. Полное собрание сочинений. М., 1952. – Т. 12. Письма. 1842-1845. 720 с., ил.: 4 л. ил.";"1952";"письмо";"односторонняя / двусторонняя";"С. Т. Аксакову. (1). 7 апреля 1843.";"";""
"Гоголь, Николай Васильевич";"писатель";"Гоголь Н. В. Полное собрание сочинений. М., 1952. – Т. 12. Письма. 1842-1845. 720 с., ил.: 4 л. ил.";"1952";"письмо";"односторонняя / двусторонняя";"Н. Н. Шереметевой. (1). 15 апреля 1843.";"";""
"Гоголь, Николай Васильевич";"писатель";"Гоголь Н. В. Полное собрание сочинений. М., 1952. – Т. 12. Письма. 1842-1845. 720 с., ил.: 4 л. ил.";"1952";"письмо";"односторонняя / двусторонняя";"Н. Я. Прокоповичу. (1). 17 апреля 1843.";"";""
"Гоголь, Николай Васильевич";"писатель";"Гоголь Н. В. Полное собрание сочинений. М., 1952. – Т. 12. Письма. 1842-1845. 720 с., ил.: 4 л. ил.";"1952";"письмо";"односторонняя / двусторонняя";"Н. Я. Пропоковичу. (1). 19 апреля 1843.";"";""
"Гоголь, Николай Васильевич";"писатель";"Гоголь Н. В. Полное собрание сочинений. М., 1952. – Т. 12. Письма. 1842-1845. 720 с., ил.: 4 л. ил.";"1952";"письмо";"односторонняя / двусторонняя";"М. И. Гоголь. (1). вторая половина марта — апреля 1843.";"";""
"Гоголь, Николай Васильевич";"писатель";"Гоголь Н. В. Полное собрание сочинений. М., 1952. – Т. 12. Письма. 1842-1845. 720 с., ил.: 4 л. ил.";"1952";"письмо";"односторонняя / двусторонняя";"О. С. Аксаковой. (1). апрель 1843.";"";""
"Гоголь, Николай Васильевич";"писатель";"Гоголь Н. В. Полное собрание сочинений. М., 1952. – Т. 12. Письма. 1842-1845. 720 с., ил.: 4 л. ил.";"1952";"письмо";"односторонняя / двусторонняя";"Неустановленному лицу. (1). октябрь 1837 — апрель 1843.";"";""
"Гоголь, Николай Васильевич";"писатель";"Гоголь Н. В. Полное собрание сочинений. М., 1952. – Т. 12. Письма. 1842-1845. 720 с., ил.: 4 л. ил.";"1952";"письмо";"односторонняя / двусторонняя";"В. А. Жуковскому. (1). 5 мая 1843.";"";""
"Гоголь, Николай Васильевич";"писатель";"Гоголь Н. В. Полное собрание сочинений. М., 1952. – Т. 12. Письма. 1842-1845. 720 с., ил.: 4 л. ил.";"1952";"письмо";"односторонняя / двусторонняя";"А. А. Иванову. (1). 17 мая 1843.";"";""
"Гоголь, Николай Васильевич";"писатель";"Гоголь Н. В. Полное собрание сочинений. М., 1952. – Т. 12. Письма. 1842-1845. 720 с., ил.: 4 л. ил.";"1952";"письмо";"односторонняя / двусторонняя";"С. П. Шевыреву. (1). 17 мая 1843.";"";""
"Гоголь, Николай Васильевич";"писатель";"Гоголь Н. В. Полное собрание сочинений. М., 1952. – Т. 12. Письма. 1842-1845. 720 с., ил.: 4 л. ил.";"1952";"письмо";"односторонняя / двусторонняя";"Н. Н. Шереметевой. (1). 18 мая 1843.";"";""
"Гоголь, Николай Васильевич";"писатель";"Гоголь Н. В. Полное собрание сочинений. М., 1952. – Т. 12. Письма. 1842-1845. 720 с., ил.: 4 л. ил.";"1952";"письмо";"односторонняя / двусторонняя";"С. Т. Аксакову. (1). 24 мая 1843.";"";""
"Гоголь, Николай Васильевич";"писатель";"Гоголь Н. В. Полное собрание сочинений. М., 1952. – Т. 12. Письма. 1842-1845. 720 с., ил.: 4 л. ил.";"1952";"письмо";"односторонняя / двусторонняя";"К. С. Аксакову. (1). 24 мая 1843.";"";""
"Гоголь, Николай Васильевич";"писатель";"Гоголь Н. В. Полное собрание сочинений. М., 1952. – Т. 12. Письма. 1842-1845. 720 с., ил.: 4 л. ил.";"1952";"письмо";"односторонняя / двусторонняя";"Н. Я. Прокоповичу. (1). 28 мая 1843.";"";""
"Гоголь, Николай Васильевич";"писатель";"Гоголь Н. В. Полное собрание сочинений. М., 1952. – Т. 12. Письма. 1842-1845. 720 с., ил.: 4 л. ил.";"1952";"письмо";"односторонняя / двусторонняя";"Н. М. Языкову. (1). 28 мая 1843.";"";""
"Гоголь, Николай Васильевич";"писатель";"Гоголь Н. В. Полное собрание сочинений. М., 1952. – Т. 12. Письма. 1842-1845. 720 с., ил.: 4 л. ил.";"1952";"письмо";"односторонняя / двусторонняя";"Н. М. Языкову. (1). 10 июня 1843.";"";""
"Гоголь, Николай Васильевич";"писатель";"Гоголь Н. В. Полное собрание сочинений. М., 1952. – Т. 12. Письма. 1842-1845. 720 с., ил.: 4 л. ил.";"1952";"письмо";"односторонняя / двусторонняя";"Н. М. Языкову. (1). 18 июня 1843.";"";""
"Гоголь, Николай Васильевич";"писатель";"Гоголь Н. В. Полное собрание сочинений. М., 1952. – Т. 12. Письма. 1842-1845. 720 с., ил.: 4 л. ил.";"1952";"письмо";"односторонняя / двусторонняя";"А. О. Россету. (1). 18 июня 1843.";"";""
"Гоголь, Николай Васильевич";"писатель";"Гоголь Н. В. Полное собрание сочинений. М., 1952. – Т. 12. Письма. 1842-1845. 720 с., ил.: 4 л. ил.";"1952";"письмо";"односторонняя / двусторонняя";"А. С. Данилевскому. (1). 20 июня 1843.";"";""
"Гоголь, Николай Васильевич";"писатель";"Гоголь Н. В. Полное собрание сочинений. М., 1952. – Т. 12. Письма. 1842-1845. 720 с., ил.: 4 л. ил.";"1952";"письмо";"односторонняя / двусторонняя";"О. С. Аксаковой. (1). 20 июня 1843.";"";""
"Гоголь, Николай Васильевич";"писатель";"Гоголь Н. В. Полное собрание сочинений. М., 1952. – Т. 12. Письма. 1842-1845. 720 с., ил.: 4 л. ил.";"1952";"письмо";"односторонняя / двусторонняя";"А. О. Смирновой. (1). 4 июля 1843.";"";""
"Гоголь, Николай Васильевич";"писатель";"Гоголь Н. В. Полное собрание сочинений. М., 1952. – Т. 12. Письма. 1842-1845. 720 с., ил.: 4 л. ил.";"1952";"письмо";"односторонняя / двусторонняя";"Н. М. Языкову. (1). 8 июля 1843.";"";""
"Гоголь, Николай Васильевич";"писатель";"Гоголь Н. В. Полное собрание сочинений. М., 1952. – Т. 12. Письма. 1842-1845. 720 с., ил.: 4 л. ил.";"1952";"письмо";"односторонняя / двусторонняя";"С. Т. Аксакову. (1). 24 июля 1843.";"";""
"Гоголь, Николай Васильевич";"писатель";"Гоголь Н. В. Полное собрание сочинений. М., 1952. – Т. 12. Письма. 1842-1845. 720 с., ил.: 4 л. ил.";"1952";"письмо";"односторонняя / двусторонняя";"С. Т. Аксакову. (1). 30 августа 1843.";"";""
"Гоголь, Николай Васильевич";"писатель";"Гоголь Н. В. Полное собрание сочинений. М., 1952. – Т. 12. Письма. 1842-1845. 720 с., ил.: 4 л. ил.";"1952";"письмо";"односторонняя / двусторонняя";"Н. Д. Белозерскому. (1). 30 августа 1843.";"";""
"Гоголь, Николай Васильевич";"писатель";"Гоголь Н. В. Полное собрание сочинений. М., 1952. – Т. 12. Письма. 1842-1845. 720 с., ил.: 4 л. ил.";"1952";"письмо";"односторонняя / двусторонняя";"А. А. Иванову. (1). 1 сентября 1843.";"";""
"Гоголь, Николай Васильевич";"писатель";"Гоголь Н. В. Полное собрание сочинений. М., 1952. – Т. 12. Письма. 1842-1845. 720 с., ил.: 4 л. ил.";"1952";"письмо";"односторонняя / двусторонняя";"С. П. Шевыреву. (1). 1 сентября 1843.";"";""
"Гоголь, Николай Васильевич";"писатель";"Гоголь Н. В. Полное собрание сочинений. М., 1952. – Т. 12. Письма. 1842-1845. 720 с., ил.: 4 л. ил.";"1952";"письмо";"односторонняя / двусторонняя";"Н. М. Языкову. (1). 1 сентября 1843.";"";""
"Гоголь, Николай Васильевич";"писатель";"Гоголь Н. В. Полное собрание сочинений. М., 1952. – Т. 12. Письма. 1842-1845. 720 с., ил.: 4 л. ил.";"1952";"письмо";"односторонняя / двусторонняя";"Н. Н. Шереметевой. (1). 3 сентября 1843.";"";""
"Гоголь, Николай Васильевич";"писатель";"Гоголь Н. В. Полное собрание сочинений. М., 1952. – Т. 12. Письма. 1842-1845. 720 с., ил.: 4 л. ил.";"1952";"письмо";"односторонняя / двусторонняя";"С. П. Шевыреву. (1). 20 сентября 1843.";"";""
"Гоголь, Николай Васильевич";"писатель";"Гоголь Н. В. Полное собрание сочинений. М., 1952. – Т. 12. Письма. 1842-1845. 720 с., ил.: 4 л. ил.";"1952";"письмо";"односторонняя / двусторонняя";"Н. Я. Прокоповичу. (1). 24 сентября 1843.";"";""
"Гоголь, Николай Васильевич";"писатель";"Гоголь Н. В. Полное собрание сочинений. М., 1952. – Т. 12. Письма. 1842-1845. 720 с., ил.: 4 л. ил.";"1952";"письмо";"односторонняя / двусторонняя";"М. И. Гоголь. (1). 1 октября 1843.";"";""
"Гоголь, Николай Васильевич";"писатель";"Гоголь Н. В. Полное собрание сочинений. М., 1952. – Т. 12. Письма. 1842-1845. 720 с., ил.: 4 л. ил.";"1952";"письмо";"односторонняя / двусторонняя";"Н. М. Языкову. (1). 5 октября 1843.";"";""
"Гоголь, Николай Васильевич";"писатель";"Гоголь Н. В. Полное собрание сочинений. М., 1952. – Т. 12. Письма. 1842-1845. 720 с., ил.: 4 л. ил.";"1952";"письмо";"односторонняя / двусторонняя";"П. А. Плетневу. (1). 6 октября 1843.";"";""
"Гоголь, Николай Васильевич";"писатель";"Гоголь Н. В. Полное собрание сочинений. М., 1952. – Т. 12. Письма. 1842-1845. 720 с., ил.: 4 л. ил.";"1952";"письмо";"односторонняя / двусторонняя";"С. П. Шевыреву. (1). 6 октября 1843.";"";""
"Гоголь, Николай Васильевич";"писатель";"Гоголь Н. В. Полное собрание сочинений. М., 1952. – Т. 12. Письма. 1842-1845. 720 с., ил.: 4 л. ил.";"1952";"письмо";"односторонняя / двусторонняя";"М. П. Погодину. (1). ~ 2 ноября 1843.";"";""
"Гоголь, Николай Васильевич";"писатель";"Гоголь Н. В. Полное собрание сочинений. М., 1952. – Т. 12. Письма. 1842-1845. 720 с., ил.: 4 л. ил.";"1952";"письмо";"односторонняя / двусторонняя";"Н. М. Языкову. (1). 4 ноября 1843.";"";""
"Гоголь, Николай Васильевич";"писатель";"Гоголь Н. В. Полное собрание сочинений. М., 1952. – Т. 12. Письма. 1842-1845. 720 с., ил.: 4 л. ил.";"1952";"письмо";"односторонняя / двусторонняя";"В. А. Жуковскому. (1). 2 декабря 1843.";"";""
"Гоголь, Николай Васильевич";"писатель";"Гоголь Н. В. Полное собрание сочинений. М., 1952. – Т. 12. Письма. 1842-1845. 720 с., ил.: 4 л. ил.";"1952";"письмо";"односторонняя / двусторонняя";"Неустановленному лицу . (1). 1837—1843.";"";""
"Гоголь, Николай Васильевич";"писатель";"Гоголь Н. В. Полное собрание сочинений. М., 1952. – Т. 12. Письма. 1842-1845. 720 с., ил.: 4 л. ил.";"1952";"письмо";"односторонняя / двусторонняя";"П. И. Раевской. (1). 1842—1843.";"";""
"Гоголь, Николай Васильевич";"писатель";"Гоголь Н. В. Полное собрание сочинений. М., 1952. – Т. 12. Письма. 1842-1845. 720 с., ил.: 4 л. ил.";"1952";"письмо";"односторонняя / двусторонняя";"Н. Н. Шереметевой. (1). 1 января 1844.";"";""
"Гоголь, Николай Васильевич";"писатель";"Гоголь Н. В. Полное собрание сочинений. М., 1952. – Т. 12. Письма. 1842-1845. 720 с., ил.: 4 л. ил.";"1952";"письмо";"односторонняя / двусторонняя";"Н. М. Языкову. (1). 2 января 1844.";"";""
"Гоголь, Николай Васильевич";"писатель";"Гоголь Н. В. Полное собрание сочинений. М., 1952. – Т. 12. Письма. 1842-1845. 720 с., ил.: 4 л. ил.";"1952";"письмо";"односторонняя / двусторонняя";"В. А. Жуковскому. (1). 8 января 1844.";"";""
"Гоголь, Николай Васильевич";"писатель";"Гоголь Н. В. Полное собрание сочинений. М., 1952. – Т. 12. Письма. 1842-1845. 720 с., ил.: 4 л. ил.";"1952";"письмо";"односторонняя / двусторонняя";"А. А. Иванову. (1). 10 января 1844.";"";""
"Гоголь, Николай Васильевич";"писатель";"Гоголь Н. В. Полное собрание сочинений. М., 1952. – Т. 12. Письма. 1842-1845. 720 с., ил.: 4 л. ил.";"1952";"письмо";"односторонняя / двусторонняя";"С. Т. Аксакову, М. П. Погодину, С. П. Шевыреву. (1). январь 1844.";"";""
"Гоголь, Николай Васильевич";"писатель";"Гоголь Н. В. Полное собрание сочинений. М., 1952. – Т. 12. Письма. 1842-1845. 720 с., ил.: 4 л. ил.";"1952";"письмо";"односторонняя / двусторонняя";"С. П. Шевыреву. (1). 2 февраля 1844.";"";""
"Гоголь, Николай Васильевич";"писатель";"Гоголь Н. В. Полное собрание сочинений. М., 1952. – Т. 12. Письма. 1842-1845. 720 с., ил.: 4 л. ил.";"1952";"письмо";"односторонняя / двусторонняя";"С. Т. Аксакову. (1). 10 февраля 1844.";"";""
"Гоголь, Николай Васильевич";"писатель";"Гоголь Н. В. Полное собрание сочинений. М., 1952. – Т. 12. Письма. 1842-1845. 720 с., ил.: 4 л. ил.";"1952";"письмо";"односторонняя / двусторонняя";"П. В. Анненкову. (1). 10 февраля 1844.";"";""
"Гоголь, Николай Васильевич";"писатель";"Гоголь Н. В. Полное собрание сочинений. М., 1952. – Т. 12. Письма. 1842-1845. 720 с., ил.: 4 л. ил.";"1952";"письмо";"односторонняя / двусторонняя";"М. П. Погодину. (1). 14 февраля 1844.";"";""
"Гоголь, Николай Васильевич";"писатель";"Гоголь Н. В. Полное собрание сочинений. М., 1952. – Т. 12. Письма. 1842-1845. 720 с., ил.: 4 л. ил.";"1952";"письмо";"односторонняя / двусторонняя";"А. О. Смирновой. (1). 15 февраля 1844.";"";""
"Гоголь, Николай Васильевич";"писатель";"Гоголь Н. В. Полное собрание сочинений. М., 1952. – Т. 12. Письма. 1842-1845. 720 с., ил.: 4 л. ил.";"1952";"письмо";"односторонняя / двусторонняя";"Н. М. Языкову. (1). 15 февраля 1844.";"";""
"Гоголь, Николай Васильевич";"писатель";"Гоголь Н. В. Полное собрание сочинений. М., 1952. – Т. 12. Письма. 1842-1845. 720 с., ил.: 4 л. ил.";"1952";"письмо";"односторонняя / двусторонняя";"А. О. Россету. (1). февраль 1844.";"";""
"Гоголь, Николай Васильевич";"писатель";"Гоголь Н. В. Полное собрание сочинений. М., 1952. – Т. 12. Письма. 1842-1845. 720 с., ил.: 4 л. ил.";"1952";"письмо";"односторонняя / двусторонняя";"С. П. Шевыреву. (1). 12 марта 1844.";"";""
"Гоголь, Николай Васильевич";"писатель";"Гоголь Н. В. Полное собрание сочинений. М., 1952. – Т. 12. Письма. 1842-1845. 720 с., ил.: 4 л. ил.";"1952";"письмо";"односторонняя / двусторонняя";"Н. Н. Шереметевой. (1). ~15 марта 1844.";"";""
"Гоголь, Николай Васильевич";"писатель";"Гоголь Н. В. Полное собрание сочинений. М., 1952. – Т. 12. Письма. 1842-1845. 720 с., ил.: 4 л. ил.";"1952";"письмо";"односторонняя / двусторонняя";"А. А. Иванову. (1). 18 марта 1844.";"";""
"Гоголь, Николай Васильевич";"писатель";"Гоголь Н. В. Полное собрание сочинений. М., 1952. – Т. 12. Письма. 1842-1845. 720 с., ил.: 4 л. ил.";"1952";"письмо";"односторонняя / двусторонняя";"А. О. Смирновой. (1). 20 марта 1844.";"";""
"Гоголь, Николай Васильевич";"писатель";"Гоголь Н. В. Полное собрание сочинений. М., 1952. – Т. 12. Письма. 1842-1845. 720 с., ил.: 4 л. ил.";"1952";"письмо";"односторонняя / двусторонняя";"Л. К. Вьельгорской. (1). 26 марта 1844.";"";""
"Гоголь, Николай Васильевич";"писатель";"Гоголь Н. В. Полное собрание сочинений. М., 1952. – Т. 12. Письма. 1842-1845. 720 с., ил.: 4 л. ил.";"1952";"письмо";"односторонняя / двусторонняя";"А. О. Смирновой. (1). 26 марта 1844.";"";""
"Гоголь, Николай Васильевич";"писатель";"Гоголь Н. В. Полное собрание сочинений. М., 1952. – Т. 12. Письма. 1842-1845. 720 с., ил.: 4 л. ил.";"1952";"письмо";"односторонняя / двусторонняя";"Н. М. Языкову. (1). 2 апреля 1844.";"";""
"Гоголь, Николай Васильевич";"писатель";"Гоголь Н. В. Полное собрание сочинений. М., 1952. – Т. 12. Письма. 1842-1845. 720 с., ил.: 4 л. ил.";"1952";"письмо";"односторонняя / двусторонняя";"М. И. Гоголь. (1). 6 апреля 1844.";"";""
"Гоголь, Николай Васильевич";"писатель";"Гоголь Н. В. Полное собрание сочинений. М., 1952. – Т. 12. Письма. 1842-1845. 720 с., ил.: 4 л. ил.";"1952";"письмо";"односторонняя / двусторонняя";"А. О. Смирновой. (1). 7 апреля 1844.";"";""
"Гоголь, Николай Васильевич";"писатель";"Гоголь Н. В. Полное собрание сочинений. М., 1952. – Т. 12. Письма. 1842-1845. 720 с., ил.: 4 л. ил.";"1952";"письмо";"односторонняя / двусторонняя";"Л. К. Вьельгорской. (1). 12 апреля 1844.";"";""
"Гоголь, Николай Васильевич";"писатель";"Гоголь Н. В. Полное собрание сочинений. М., 1952. – Т. 12. Письма. 1842-1845. 720 с., ил.: 4 л. ил.";"1952";"письмо";"односторонняя / двусторонняя";"А. М. Вьельгорской. (1). 12 апреля 1844.";"";""
"Гоголь, Николай Васильевич";"писатель";"Гоголь Н. В. Полное собрание сочинений. М., 1952. – Т. 12. Письма. 1842-1845. 720 с., ил.: 4 л. ил.";"1952";"письмо";"односторонняя / двусторонняя";"С. М. Соллогуб. (1). 12 апреля 1844.";"";""
"Гоголь, Николай Васильевич";"писатель";"Гоголь Н. В. Полное собрание сочинений. М., 1952. – Т. 12. Письма. 1842-1845. 720 с., ил.: 4 л. ил.";"1952";"письмо";"односторонняя / двусторонняя";"С. И. Соллогуб. (1). 12 апреля 1844.";"";""
"Гоголь, Николай Васильевич";"писатель";"Гоголь Н. В. Полное собрание сочинений. М., 1952. – Т. 12. Письма. 1842-1845. 720 с., ил.: 4 л. ил.";"1952";"письмо";"односторонняя / двусторонняя";"А. С. Данилевскому. (1). 13 апреля 1844.";"";""
"Гоголь, Николай Васильевич";"писатель";"Гоголь Н. В. Полное собрание сочинений. М., 1952. – Т. 12. Письма. 1842-1845. 720 с., ил.: 4 л. ил.";"1952";"письмо";"односторонняя / двусторонняя";"В. А. Перовскому. (1). 20 апреля 1844.";"";""
"Гоголь, Николай Васильевич";"писатель";"Гоголь Н. В. Полное собрание сочинений. М., 1952. – Т. 12. Письма. 1842-1845. 720 с., ил.: 4 л. ил.";"1952";"письмо";"односторонняя / двусторонняя";"А. О. Смирновой. (1). 20 апреля 1844.";"";""
"Гоголь, Николай Васильевич";"писатель";"Гоголь Н. В. Полное собрание сочинений. М., 1952. – Т. 12. Письма. 1842-1845. 720 с., ил.: 4 л. ил.";"1952";"письмо";"односторонняя / двусторонняя";"П. В. Анненкову. (1). 10 мая 1844.";"";""
"Гоголь, Николай Васильевич";"писатель";"Гоголь Н. В. Полное собрание сочинений. М., 1952. – Т. 12. Письма. 1842-1845. 720 с., ил.: 4 л. ил.";"1952";"письмо";"односторонняя / двусторонняя";"С. Т. Аксакову. (1). 16 мая 1844.";"";""
"Гоголь, Николай Васильевич";"писатель";"Гоголь Н. В. Полное собрание сочинений. М., 1952. – Т. 12. Письма. 1842-1845. 720 с., ил.: 4 л. ил.";"1952";"письмо";"односторонняя / двусторонняя";"А. О. Смирновой. (1). 16 мая 1844.";"";""
"Гоголь, Николай Васильевич";"писатель";"Гоголь Н. В. Полное собрание сочинений. М., 1952. – Т. 12. Письма. 1842-1845. 720 с., ил.: 4 л. ил.";"1952";"письмо";"односторонняя / двусторонняя";"В. А. Жуковскому. (1). 23 мая 1844.";"";""
"Гоголь, Николай Васильевич";"писатель";"Гоголь Н. В. Полное собрание сочинений. М., 1952. – Т. 12. Письма. 1842-1845. 720 с., ил.: 4 л. ил.";"1952";"письмо";"односторонняя / двусторонняя";"В. А. Жуковскому. (1). 29 мая 1844.";"";""
"Гоголь, Николай Васильевич";"писатель";"Гоголь Н. В. Полное собрание сочинений. М., 1952. – Т. 12. Письма. 1842-1845. 720 с., ил.: 4 л. ил.";"1952";"письмо";"односторонняя / двусторонняя";"А. О. Смирновой. (1). 30 мая 1844.";"";""
"Гоголь, Николай Васильевич";"писатель";"Гоголь Н. В. Полное собрание сочинений. М., 1952. – Т. 12. Письма. 1842-1845. 720 с., ил.: 4 л. ил.";"1952";"письмо";"односторонняя / двусторонняя";"А. В., Е. В. Гоголь. (1). октябрь 1843 — май 1844.";"";""
"Гоголь, Николай Васильевич";"писатель";"Гоголь Н. В. Полное собрание сочинений. М., 1952. – Т. 12. Письма. 1842-1845. 720 с., ил.: 4 л. ил.";"1952";"письмо";"односторонняя / двусторонняя";"А. В., Е. В., О. В. Гоголь. (1). январь — май 1844.";"";""
"Гоголь, Николай Васильевич";"писатель";"Гоголь Н. В. Полное собрание сочинений. М., 1952. – Т. 12. Письма. 1842-1845. 720 с., ил.: 4 л. ил.";"1952";"письмо";"односторонняя / двусторонняя";"М. И. Гоголь. (1). 12 июня 1844.";"";""
"Гоголь, Николай Васильевич";"писатель";"Гоголь Н. В. Полное собрание сочинений. М., 1952. – Т. 12. Письма. 1842-1845. 720 с., ил.: 4 л. ил.";"1952";"письмо";"односторонняя / двусторонняя";"М. И. Гоголь. (1). 15 июня 1844.";"";""
"Гоголь, Николай Васильевич";"писатель";"Гоголь Н. В. Полное собрание сочинений. М., 1952. – Т. 12. Письма. 1842-1845. 720 с., ил.: 4 л. ил.";"1952";"письмо";"односторонняя / двусторонняя";"А. В. Гоголь. (1). 15 июня 1844.";"";""
"Гоголь, Николай Васильевич";"писатель";"Гоголь Н. В. Полное собрание сочинений. М., 1952. – Т. 12. Письма. 1842-1845. 720 с., ил.: 4 л. ил.";"1952";"письмо";"односторонняя / двусторонняя";"Н. М. Языкову. (1). 15 июня 1844.";"";""
"Гоголь, Николай Васильевич";"писатель";"Гоголь Н. В. Полное собрание сочинений. М., 1952. – Т. 12. Письма. 1842-1845. 720 с., ил.: 4 л. ил.";"1952";"письмо";"односторонняя / двусторонняя";"В. А. Жуковскому. (1). 20 июня 1844.";"";""
"Гоголь, Николай Васильевич";"писатель";"Гоголь Н. В. Полное собрание сочинений. М., 1952. – Т. 12. Письма. 1842-1845. 720 с., ил.: 4 л. ил.";"1952";"письмо";"односторонняя / двусторонняя";"М. П. Балабиной. (1). 12 июля 1844.";"";""
"Гоголь, Николай Васильевич";"писатель";"Гоголь Н. В. Полное собрание сочинений. М., 1952. – Т. 12. Письма. 1842-1845. 720 с., ил.: 4 л. ил.";"1952";"письмо";"односторонняя / двусторонняя";"Л. К. Вьельгорской. (1). 13 июля 1844.";"";""
"Гоголь, Николай Васильевич";"писатель";"Гоголь Н. В. Полное собрание сочинений. М., 1952. – Т. 12. Письма. 1842-1845. 720 с., ил.: 4 л. ил.";"1952";"письмо";"односторонняя / двусторонняя";"М. П. Погодину. (1). 13 июля 1844.";"";""
"Гоголь, Николай Васильевич";"писатель";"Гоголь Н. В. Полное собрание сочинений. М., 1952. – Т. 12. Письма. 1842-1845. 720 с., ил.: 4 л. ил.";"1952";"письмо";"односторонняя / двусторонняя";"Н. М. Языкову. (1). 14 июля 1844.";"";""
"Гоголь, Николай Васильевич";"писатель";"Гоголь Н. В. Полное собрание сочинений. М., 1952. – Т. 12. Письма. 1842-1845. 720 с., ил.: 4 л. ил.";"1952";"письмо";"односторонняя / двусторонняя";"С. М. Соллогуб. (1). 24 июля 1844.";"";""
"Гоголь, Николай Васильевич";"писатель";"Гоголь Н. В. Полное собрание сочинений. М., 1952. – Т. 12. Письма. 1842-1845. 720 с., ил.: 4 л. ил.";"1952";"письмо";"односторонняя / двусторонняя";"В. А. Жуковскому. (1). 30 июля 1844.";"";""
"Гоголь, Николай Васильевич";"писатель";"Гоголь Н. В. Полное собрание сочинений. М., 1952. – Т. 12. Письма. 1842-1845. 720 с., ил.: 4 л. ил.";"1952";"письмо";"односторонняя / двусторонняя";"В. А. Жуковскому. (1). 6 августа 1844.";"";""
"Гоголь, Николай Васильевич";"писатель";"Гоголь Н. В. Полное собрание сочинений. М., 1952. – Т. 12. Письма. 1842-1845. 720 с., ил.: 4 л. ил.";"1952";"письмо";"односторонняя / двусторонняя";"А. С. Данилевскому. (1). 15 августа 1844.";"";""
"Гоголь, Николай Васильевич";"писатель";"Гоголь Н. В. Полное собрание сочинений. М., 1952. – Т. 12. Письма. 1842-1845. 720 с., ил.: 4 л. ил.";"1952";"письмо";"односторонняя / двусторонняя";"А. О. Смирновой. (1). 26 августа 1844.";"";""
"Гоголь, Николай Васильевич";"писатель";"Гоголь Н. В. Полное собрание сочинений. М., 1952. – Т. 12. Письма. 1842-1845. 720 с., ил.: 4 л. ил.";"1952";"письмо";"односторонняя / двусторонняя";"В. А. Жуковскому. (1). 1 сентября 1844.";"";""
"Гоголь, Николай Васильевич";"писатель";"Гоголь Н. В. Полное собрание сочинений. М., 1952. – Т. 12. Письма. 1842-1845. 720 с., ил.: 4 л. ил.";"1952";"письмо";"односторонняя / двусторонняя";"М. П. Погодину. (1). 1 сентября 1844.";"";""
"Гоголь, Николай Васильевич";"писатель";"Гоголь Н. В. Полное собрание сочинений. М., 1952. – Т. 12. Письма. 1842-1845. 720 с., ил.: 4 л. ил.";"1952";"письмо";"односторонняя / двусторонняя";"Н. М. Языкову. (1). первая половина сентября 1844.";"";""
"Гоголь, Николай Васильевич";"писатель";"Гоголь Н. В. Полное собрание сочинений. М., 1952. – Т. 12. Письма. 1842-1845. 720 с., ил.: 4 л. ил.";"1952";"письмо";"односторонняя / двусторонняя";"Е. В. Гоголь. (1). 15 сентября 1844.";"";""
"Гоголь, Николай Васильевич";"писатель";"Гоголь Н. В. Полное собрание сочинений. М., 1952. – Т. 12. Письма. 1842-1845. 720 с., ил.: 4 л. ил.";"1952";"письмо";"односторонняя / двусторонняя";"А. П. Толстому. (1). 16 сентября 1844.";"";""
"Гоголь, Николай Васильевич";"писатель";"Гоголь Н. В. Полное собрание сочинений. М., 1952. – Т. 12. Письма. 1842-1845. 720 с., ил.: 4 л. ил.";"1952";"письмо";"односторонняя / двусторонняя";"А. О. Смирновой. (1). 24 сентября 1844.";"";""
"Гоголь, Николай Васильевич";"писатель";"Гоголь Н. В. Полное собрание сочинений. М., 1952. – Т. 12. Письма. 1842-1845. 720 с., ил.: 4 л. ил.";"1952";"письмо";"односторонняя / двусторонняя";"С. М. Соллогуб. (1). 24 сентября 1844.";"";""
"Гоголь, Николай Васильевич";"писатель";"Гоголь Н. В. Полное собрание сочинений. М., 1952. – Т. 12. Письма. 1842-1845. 720 с., ил.: 4 л. ил.";"1952";"письмо";"односторонняя / двусторонняя";"Н. М. Языкову. (1). 1 октября 1844.";"";""
"Гоголь, Николай Васильевич";"писатель";"Гоголь Н. В. Полное собрание сочинений. М., 1952. – Т. 12. Письма. 1842-1845. 720 с., ил.: 4 л. ил.";"1952";"письмо";"односторонняя / двусторонняя";"А. М. Вьельгорской. (1). 2 октября 1844.";"";""
"Гоголь, Николай Васильевич";"писатель";"Гоголь Н. В. Полное собрание сочинений. М., 1952. – Т. 12. Письма. 1842-1845. 720 с., ил.: 4 л. ил.";"1952";"письмо";"односторонняя / двусторонняя";"С. П. Шевыреву. (1). 3 октября 1844.";"";""
"Гоголь, Николай Васильевич";"писатель";"Гоголь Н. В. Полное собрание сочинений. М., 1952. – Т. 12. Письма. 1842-1845. 720 с., ил.: 4 л. ил.";"1952";"письмо";"односторонняя / двусторонняя";"Л. К., А. М. Вьельгорским. (1). 12 октября 1844.";"";""
"Гоголь, Николай Васильевич";"писатель";"Гоголь Н. В. Полное собрание сочинений. М., 1952. – Т. 12. Письма. 1842-1845. 720 с., ил.: 4 л. ил.";"1952";"письмо";"односторонняя / двусторонняя";"А. М. Вьельгорской. (1). 16 октября 1844.";"";""
"Гоголь, Николай Васильевич";"писатель";"Гоголь Н. В. Полное собрание сочинений. М., 1952. – Т. 12. Письма. 1842-1845. 720 с., ил.: 4 л. ил.";"1952";"письмо";"односторонняя / двусторонняя";"П. А. Плетневу. (1). 24 октября 1844.";"";""
"Гоголь, Николай Васильевич";"писатель";"Гоголь Н. В. Полное собрание сочинений. М., 1952. – Т. 12. Письма. 1842-1845. 720 с., ил.: 4 л. ил.";"1952";"письмо";"односторонняя / двусторонняя";"А. О. Смирновой. (1). 24 октября 1844.";"";""
"Гоголь, Николай Васильевич";"писатель";"Гоголь Н. В. Полное собрание сочинений. М., 1952. – Т. 12. Письма. 1842-1845. 720 с., ил.: 4 л. ил.";"1952";"письмо";"односторонняя / двусторонняя";"И. Е. Бецкому. (1). ~ 1—26 октября 1844.";"";""
"Гоголь, Николай Васильевич";"писатель";"Гоголь Н. В. Полное собрание сочинений. М., 1952. – Т. 12. Письма. 1842-1845. 720 с., ил.: 4 л. ил.";"1952";"письмо";"односторонняя / двусторонняя";"А. А. Иванову. (1). 26 октября 1844.";"";""
"Гоголь, Николай Васильевич";"писатель";"Гоголь Н. В. Полное собрание сочинений. М., 1952. – Т. 12. Письма. 1842-1845. 720 с., ил.: 4 л. ил.";"1952";"письмо";"односторонняя / двусторонняя";"Н. М. Языкову. (1). 26 октября 1844.";"";""
"Гоголь, Николай Васильевич";"писатель";"Гоголь Н. В. Полное собрание сочинений. М., 1952. – Т. 12. Письма. 1842-1845. 720 с., ил.: 4 л. ил.";"1952";"письмо";"односторонняя / двусторонняя";"Н. Н. Шереметевой. (1). 26 октября 1844.";"";""
"Гоголь, Николай Васильевич";"писатель";"Гоголь Н. В. Полное собрание сочинений. М., 1952. – Т. 12. Письма. 1842-1845. 720 с., ил.: 4 л. ил.";"1952";"письмо";"односторонняя / двусторонняя";"А. О. Смирновой. (1). 3 ноября 1844.";"";""
"Гоголь, Николай Васильевич";"писатель";"Гоголь Н. В. Полное собрание сочинений. М., 1952. – Т. 12. Письма. 1842-1845. 720 с., ил.: 4 л. ил.";"1952";"письмо";"односторонняя / двусторонняя";"С. Т. Аксакову. (1). 12 ноября 1844.";"";""
"Гоголь, Николай Васильевич";"писатель";"Гоголь Н. В. Полное собрание сочинений. М., 1952. – Т. 12. Письма. 1842-1845. 720 с., ил.: 4 л. ил.";"1952";"письмо";"односторонняя / двусторонняя";"Н. М. Языкову. (1). 12 ноября 1844.";"";""
"Гоголь, Николай Васильевич";"писатель";"Гоголь Н. В. Полное собрание сочинений. М., 1952. – Т. 12. Письма. 1842-1845. 720 с., ил.: 4 л. ил.";"1952";"письмо";"односторонняя / двусторонняя";"А. М. Вьельгорской. (1). ~ 7—23 ноября 1844.";"";""
"Гоголь, Николай Васильевич";"писатель";"Гоголь Н. В. Полное собрание сочинений. М., 1952. – Т. 12. Письма. 1842-1845. 720 с., ил.: 4 л. ил.";"1952";"письмо";"односторонняя / двусторонняя";"А. М. Вьельгорской. (1). 23 ноября 1844.";"";""
"Гоголь, Николай Васильевич";"писатель";"Гоголь Н. В. Полное собрание сочинений. М., 1952. – Т. 12. Письма. 1842-1845. 720 с., ил.: 4 л. ил.";"1952";"письмо";"односторонняя / двусторонняя";"А. С. Данилевскому. (1). 1 декабря 1844.";"";""
"Гоголь, Николай Васильевич";"писатель";"Гоголь Н. В. Полное собрание сочинений. М., 1952. – Т. 12. Письма. 1842-1845. 720 с., ил.: 4 л. ил.";"1952";"письмо";"односторонняя / двусторонняя";"Н. М. Языкову. (1). 2 декабря 1844.";"";""
"Гоголь, Николай Васильевич";"писатель";"Гоголь Н. В. Полное собрание сочинений. М., 1952. – Т. 12. Письма. 1842-1845. 720 с., ил.: 4 л. ил.";"1952";"письмо";"односторонняя / двусторонняя";"М. И. Гоголь. (1). 12 декабря 1844.";"";""
"Гоголь, Николай Васильевич";"писатель";"Гоголь Н. В. Полное собрание сочинений. М., 1952. – Т. 12. Письма. 1842-1845. 720 с., ил.: 4 л. ил.";"1952";"письмо";"односторонняя / двусторонняя";"П. А Плетневу. (1). ~ 1—14 декабря 1844.";"";""
"Гоголь, Николай Васильевич";"писатель";"Гоголь Н. В. Полное собрание сочинений. М., 1952. – Т. 12. Письма. 1842-1845. 720 с., ил.: 4 л. ил.";"1952";"письмо";"односторонняя / двусторонняя";"С. П. Шевыреву. (1). 14 декабря 1844.";"";""
"Гоголь, Николай Васильевич";"писатель";"Гоголь Н. В. Полное собрание сочинений. М., 1952. – Т. 12. Письма. 1842-1845. 720 с., ил.: 4 л. ил.";"1952";"письмо";"односторонняя / двусторонняя";"М. П. Погодину. (1). 20 декабря 1844.";"";""
"Гоголь, Николай Васильевич";"писатель";"Гоголь Н. В. Полное собрание сочинений. М., 1952. – Т. 12. Письма. 1842-1845. 720 с., ил.: 4 л. ил.";"1952";"письмо";"односторонняя / двусторонняя";"С. Т. Аксакову. (1). 22 декабря 1844.";"";""
"Гоголь, Николай Васильевич";"писатель";"Гоголь Н. В. Полное собрание сочинений. М., 1952. – Т. 12. Письма. 1842-1845. 720 с., ил.: 4 л. ил.";"1952";"письмо";"односторонняя / двусторонняя";"Л. К., А М. Вьельгорским. (1). 24 декабря 1844.";"";""
"Гоголь, Николай Васильевич";"писатель";"Гоголь Н. В. Полное собрание сочинений. М., 1952. – Т. 12. Письма. 1842-1845. 720 с., ил.: 4 л. ил.";"1952";"письмо";"односторонняя / двусторонняя";"Ю. Ф. Самарину. (1). 24 декабря 1844.";"";""
"Гоголь, Николай Васильевич";"писатель";"Гоголь Н. В. Полное собрание сочинений. М., 1952. – Т. 12. Письма. 1842-1845. 720 с., ил.: 4 л. ил.";"1952";"письмо";"односторонняя / двусторонняя";"А. О. Смирновой. (1). 24 декабря 1844.";"";""
"Гоголь, Николай Васильевич";"писатель";"Гоголь Н. В. Полное собрание сочинений. М., 1952. – Т. 12. Письма. 1842-1845. 720 с., ил.: 4 л. ил.";"1952";"письмо";"односторонняя / двусторонняя";"Н. М. Языкову. (1). 26 декабря 1844.";"";""
"Гоголь, Николай Васильевич";"писатель";"Гоголь Н. В. Полное собрание сочинений. М., 1952. – Т. 12. Письма. 1842-1845. 720 с., ил.: 4 л. ил.";"1952";"письмо";"односторонняя / двусторонняя";"Л. К. Вьельгорской. (1). 28 декабря 1844.";"";""
"Гоголь, Николай Васильевич";"писатель";"Гоголь Н. В. Полное собрание сочинений. М., 1952. – Т. 12. Письма. 1842-1845. 720 с., ил.: 4 л. ил.";"1952";"письмо";"односторонняя / двусторонняя";"А. О. Смирновой. (1). 28 декабря 1844.";"";""
"Гоголь, Николай Васильевич";"писатель";"Гоголь Н. В. Полное собрание сочинений. М., 1952. – Т. 12. Письма. 1842-1845. 720 с., ил.: 4 л. ил.";"1952";"письмо";"односторонняя / двусторонняя";"Н. М. Языкову. (1). 2 января 1844.";"";""
"Гоголь, Николай Васильевич";"писатель";"Гоголь Н. В. Полное собрание сочинений. М., 1952. – Т. 12. Письма. 1842-1845. 720 с., ил.: 4 л. ил.";"1952";"письмо";"односторонняя / двусторонняя";"А. А. Иванову. (1). 9 января 1844.";"";""
"Гоголь, Николай Васильевич";"писатель";"Гоголь Н. В. Полное собрание сочинений. М., 1952. – Т. 12. Письма. 1842-1845. 720 с., ил.: 4 л. ил.";"1952";"письмо";"односторонняя / двусторонняя";"В. А. Жуковскому. (1). 11 января 1844.";"";""
"Гоголь, Николай Васильевич";"писатель";"Гоголь Н. В. Полное собрание сочинений. М., 1952. – Т. 12. Письма. 1842-1845. 720 с., ил.: 4 л. ил.";"1952";"письмо";"односторонняя / двусторонняя";"Н. М. Языкову. (1). 15 января 1844.";"";""
"Гоголь, Николай Васильевич";"писатель";"Гоголь Н. В. Полное собрание сочинений. М., 1952. – Т. 12. Письма. 1842-1845. 720 с., ил.: 4 л. ил.";"1952";"письмо";"односторонняя / двусторонняя";"В. А. Жуковскому. (1). 9 февраля 1844.";"";""
"Гоголь, Николай Васильевич";"писатель";"Гоголь Н. В. Полное собрание сочинений. М., 1952. – Т. 12. Письма. 1842-1845. 720 с., ил.: 4 л. ил.";"1952";"письмо";"односторонняя / двусторонняя";"Н. М. Языкову. (1). начало февраля 1844.";"";""
"Гоголь, Николай Васильевич";"писатель";"Гоголь Н. В. Полное собрание сочинений. М., 1952. – Т. 12. Письма. 1842-1845. 720 с., ил.: 4 л. ил.";"1952";"письмо";"односторонняя / двусторонняя";"В. А. Жуковскому. (1). 9 февраля 1844.";"";""
"Гоголь, Николай Васильевич";"писатель";"Гоголь Н. В. Полное собрание сочинений. М., 1952. – Т. 12. Письма. 1842-1845. 720 с., ил.: 4 л. ил.";"1952";"письмо";"односторонняя / двусторонняя";"Н. М. Языкову. (1). 12 февраля 1844.";"";""
"Гоголь, Николай Васильевич";"писатель";"Гоголь Н. В. Полное собрание сочинений. М., 1952. – Т. 12. Письма. 1842-1845. 720 с., ил.: 4 л. ил.";"1952";"письмо";"односторонняя / двусторонняя";"А. О. Смирновой. (1). 24 февраля 1844.";"";""
"Гоголь, Николай Васильевич";"писатель";"Гоголь Н. В. Полное собрание сочинений. М., 1952. – Т. 12. Письма. 1842-1845. 720 с., ил.: 4 л. ил.";"1952";"письмо";"односторонняя / двусторонняя";"А. М. Вьельгорской. (1). конец февраля 1844.";"";""
"Гоголь, Николай Васильевич";"писатель";"Гоголь Н. В. Полное собрание сочинений. М., 1952. – Т. 12. Письма. 1842-1845. 720 с., ил.: 4 л. ил.";"1952";"письмо";"односторонняя / двусторонняя";"Ф. Н. Беляеву. (1). 5 марта 1844.";"";""
"Гоголь, Николай Васильевич";"писатель";"Гоголь Н. В. Полное собрание сочинений. М., 1952. – Т. 12. Письма. 1842-1845. 720 с., ил.: 4 л. ил.";"1952";"письмо";"односторонняя / двусторонняя";"Л. К., А. М. Вьельгорским. (1). 5 марта 1844.";"";""
"Гоголь, Николай Васильевич";"писатель";"Гоголь Н. В. Полное собрание сочинений. М., 1952. – Т. 12. Письма. 1842-1845. 720 с., ил.: 4 л. ил.";"1952";"письмо";"односторонняя / двусторонняя";"А. П. Толстому. (1). 5 марта 1844.";"";""
"Гоголь, Николай Васильевич";"писатель";"Гоголь Н. В. Полное собрание сочинений. М., 1952. – Т. 12. Письма. 1842-1845. 720 с., ил.: 4 л. ил.";"1952";"письмо";"односторонняя / двусторонняя";"Н. Н. Шереметевой. (1). 14 марта 1844.";"";""
"Гоголь, Николай Васильевич";"писатель";"Гоголь Н. В. Полное собрание сочинений. М., 1952. – Т. 12. Письма. 1842-1845. 720 с., ил.: 4 л. ил.";"1952";"письмо";"односторонняя / двусторонняя";"Н. М. Языкову. (1). 15 марта 1844.";"";""
"Гоголь, Николай Васильевич";"писатель";"Гоголь Н. В. Полное собрание сочинений. М., 1952. – Т. 12. Письма. 1842-1845. 720 с., ил.: 4 л. ил.";"1952";"письмо";"односторонняя / двусторонняя";"А. О. Смирновой. (1). 15 марта 1844.";"";""
"Гоголь, Николай Васильевич";"писатель";"Гоголь Н. В. Полное собрание сочинений. М., 1952. – Т. 12. Письма. 1842-1845. 720 с., ил.: 4 л. ил.";"1952";"письмо";"односторонняя / двусторонняя";"А. П. Толстому. (1). ~ 20—28 марта 1844.";"";""
"Гоголь, Николай Васильевич";"писатель";"Гоголь Н. В. Полное собрание сочинений. М., 1952. – Т. 12. Письма. 1842-1845. 720 с., ил.: 4 л. ил.";"1952";"письмо";"односторонняя / двусторонняя";"А. П. Толстому. (1). 28 марта 1844.";"";""
"Гоголь, Николай Васильевич";"писатель";"Гоголь Н. В. Полное собрание сочинений. М., 1952. – Т. 12. Письма. 1842-1845. 720 с., ил.: 4 л. ил.";"1952";"письмо";"односторонняя / двусторонняя";"А. О. Смирновой. (1). 2 апреля 1844.";"";""
"Гоголь, Николай Васильевич";"писатель";"Гоголь Н. В. Полное собрание сочинений. М., 1952. – Т. 12. Письма. 1842-1845. 720 с., ил.: 4 л. ил.";"1952";"письмо";"односторонняя / двусторонняя";"Н. М. Языкову. (1). 5 апреля 1844.";"";""
"Гоголь, Николай Васильевич";"писатель";"Гоголь Н. В. Полное собрание сочинений. М., 1952. – Т. 12. Письма. 1842-1845. 720 с., ил.: 4 л. ил.";"1952";"письмо";"односторонняя / двусторонняя";"А. О. Россету. (1). 1 мая 1844.";"";""
"Гоголь, Николай Васильевич";"писатель";"Гоголь Н. В. Полное собрание сочинений. М., 1952. – Т. 12. Письма. 1842-1845. 720 с., ил.: 4 л. ил.";"1952";"письмо";"односторонняя / двусторонняя";"Н. М. Языкову. (1). 1 мая 1844.";"";""
"Гоголь, Николай Васильевич";"писатель";"Гоголь Н. В. Полное собрание сочинений. М., 1952. – Т. 12. Письма. 1842-1845. 720 с., ил.: 4 л. ил.";"1952";"письмо";"односторонняя / двусторонняя";"С. Т. Аксакову. (1). 2 мая 1844.";"";""
"Гоголь, Николай Васильевич";"писатель";"Гоголь Н. В. Полное собрание сочинений. М., 1952. – Т. 12. Письма. 1842-1845. 720 с., ил.: 4 л. ил.";"1952";"письмо";"односторонняя / двусторонняя";"С. С. Уварову. (1). апрель 1844.";"";""
"Гоголь, Николай Васильевич";"писатель";"Гоголь Н. В. Полное собрание сочинений. М., 1952. – Т. 12. Письма. 1842-1845. 720 с., ил.: 4 л. ил.";"1952";"письмо";"односторонняя / двусторонняя";"А. О. Смирновой. (1). 11 мая 1844.";"";""
"Гоголь, Николай Васильевич";"писатель";"Гоголь Н. В. Полное собрание сочинений. М., 1952. – Т. 12. Письма. 1842-1845. 720 с., ил.: 4 л. ил.";"1952";"письмо";"односторонняя / двусторонняя";"Л. К. Вьельгорской. (1). 17 мая 1844.";"";""
"Гоголь, Николай Васильевич";"писатель";"Гоголь Н. В. Полное собрание сочинений. М., 1952. – Т. 12. Письма. 1842-1845. 720 с., ил.: 4 л. ил.";"1952";"письмо";"односторонняя / двусторонняя";"В. А. Жуковскому. (1). 20 мая 1844.";"";""
"Гоголь, Николай Васильевич";"писатель";"Гоголь Н. В. Полное собрание сочинений. М., 1952. – Т. 12. Письма. 1842-1845. 720 с., ил.: 4 л. ил.";"1952";"письмо";"односторонняя / двусторонняя";"П. А. Плетневу. (1). 24 мая 1844.";"";""
"Гоголь, Николай Васильевич";"писатель";"Гоголь Н. В. Полное собрание сочинений. М., 1952. – Т. 12. Письма. 1842-1845. 720 с., ил.: 4 л. ил.";"1952";"письмо";"односторонняя / двусторонняя";"И. И. Базарову. (1). весна 1844.";"";""
"Гоголь, Николай Васильевич";"писатель";"Гоголь Н. В. Полное собрание сочинений. М., 1952. – Т. 12. Письма. 1842-1845. 720 с., ил.: 4 л. ил.";"1952";"письмо";"односторонняя / двусторонняя";"А. О. Смирновой. (1). 4 июня 1844.";"";""
"Гоголь, Николай Васильевич";"писатель";"Гоголь Н. В. Полное собрание сочинений. М., 1952. – Т. 12. Письма. 1842-1845. 720 с., ил.: 4 л. ил.";"1952";"письмо";"односторонняя / двусторонняя";"Н. Н. Шереметевой. (1). 5 июня 1844.";"";""
"Гоголь, Николай Васильевич";"писатель";"Гоголь Н. В. Полное собрание сочинений. М., 1952. – Т. 12. Письма. 1842-1845. 720 с., ил.: 4 л. ил.";"1952";"письмо";"односторонняя / двусторонняя";"Н. М. Языкову. (1). 5 июня 1844.";"";""
"Гоголь, Николай Васильевич";"писатель";"Гоголь Н. В. Полное собрание сочинений. М., 1952. – Т. 12. Письма. 1842-1845. 720 с., ил.: 4 л. ил.";"1952";"письмо";"односторонняя / двусторонняя";"А. А. Иванову. (1). 18 июня 1844.";"";""
"Гоголь, Николай Васильевич";"писатель";"Гоголь Н. В. Полное собрание сочинений. М., 1952. – Т. 12. Письма. 1842-1845. 720 с., ил.: 4 л. ил.";"1952";"письмо";"односторонняя / двусторонняя";"А. О. Смирновой. (1). 18 июня 1844.";"";""
"Гоголь, Николай Васильевич";"писатель";"Гоголь Н. В. Полное собрание сочинений. М., 1952. – Т. 12. Письма. 1842-1845. 720 с., ил.: 4 л. ил.";"1952";"письмо";"односторонняя / двусторонняя";"А. О. Смирновой. (1). 5 июля 1844.";"";""
"Гоголь, Николай Васильевич";"писатель";"Гоголь Н. В. Полное собрание сочинений. М., 1952. – Т. 12. Письма. 1842-1845. 720 с., ил.: 4 л. ил.";"1952";"письмо";"односторонняя / двусторонняя";"В. А. Жуковскому. (1). 14 июля 1844.";"";""
"Гоголь, Николай Васильевич";"писатель";"Гоголь Н. В. Полное собрание сочинений. М., 1952. – Т. 12. Письма. 1842-1845. 720 с., ил.: 4 л. ил.";"1952";"письмо";"односторонняя / двусторонняя";"А. О. Смирновой. (1). 15 июля 1844.";"";""
"Гоголь, Николай Васильевич";"писатель";"Гоголь Н. В. Полное собрание сочинений. М., 1952. – Т. 12. Письма. 1842-1845. 720 с., ил.: 4 л. ил.";"1952";"письмо";"односторонняя / двусторонняя";"В. А. Жуковскому. (1). 24 июля 1844.";"";""
"Гоголь, Николай Васильевич";"писатель";"Гоголь Н. В. Полное собрание сочинений. М., 1952. – Т. 12. Письма. 1842-1845. 720 с., ил.: 4 л. ил.";"1952";"письмо";"односторонняя / двусторонняя";"А. О. Смирновой. (1). 25 июля 1844.";"";""
"Гоголь, Николай Васильевич";"писатель";"Гоголь Н. В. Полное собрание сочинений. М., 1952. – Т. 12. Письма. 1842-1845. 720 с., ил.: 4 л. ил.";"1952";"письмо";"односторонняя / двусторонняя";"Н. М. Языкову. (1). 25 июля 1844.";"";""
"Гоголь, Николай Васильевич";"писатель";"Гоголь Н. В. Полное собрание сочинений. М., 1952. – Т. 12. Письма. 1842-1845. 720 с., ил.: 4 л. ил.";"1952";"письмо";"односторонняя / двусторонняя";"М. И. Гоголь. (1). 28 июля 1844.";"";""
"Гоголь, Николай Васильевич";"писатель";"Гоголь Н. В. Полное собрание сочинений. М., 1952. – Т. 12. Письма. 1842-1845. 720 с., ил.: 4 л. ил.";"1952";"письмо";"односторонняя / двусторонняя";"А. О. Смирновой. (1). 28 июля 1844.";"";""
"Гоголь, Николай Васильевич";"писатель";"Гоголь Н. В. Полное собрание сочинений. М., 1952. – Т. 12. Письма. 1842-1845. 720 с., ил.: 4 л. ил.";"1952";"письмо";"односторонняя / двусторонняя";"А. П. Ермоловой. (1). 3 августа 1844.";"";""
"Гоголь, Николай Васильевич";"писатель";"Гоголь Н. В. Полное собрание сочинений. М., 1952. – Т. 12. Письма. 1842-1845. 720 с., ил.: 4 л. ил.";"1952";"письмо";"односторонняя / двусторонняя";"В. А. Жуковскому. (1). 11 сентября 1844.";"";""
"Гоголь, Николай Васильевич";"писатель";"Гоголь Н. В. Полное собрание сочинений. М., 1952. – Т. 12. Письма. 1842-1845. 720 с., ил.: 4 л. ил.";"1952";"письмо";"односторонняя / двусторонняя";"А. О. Смирновой. (1). 11 сентября 1844.";"";""
"Гоголь, Николай Васильевич";"писатель";"Гоголь Н. В. Полное собрание сочинений. М., 1952. – Т. 12. Письма. 1842-1845. 720 с., ил.: 4 л. ил.";"1952";"письмо";"односторонняя / двусторонняя";"С. М. Соллогуб. (1). 11 сентября 1844.";"";""
"Гоголь, Николай Васильевич";"писатель";"Гоголь Н. В. Полное собрание сочинений. М., 1952. – Т. 12. Письма. 1842-1845. 720 с., ил.: 4 л. ил.";"1952";"письмо";"односторонняя / двусторонняя";"В. А. Жуковскому. (1). 12 сентября 1844.";"";""
"Гоголь, Николай Васильевич";"писатель";"Гоголь Н. В. Полное собрание сочинений. М., 1952. – Т. 12. Письма. 1842-1845. 720 с., ил.: 4 л. ил.";"1952";"письмо";"односторонняя / двусторонняя";"М. И. Гоголь. (1). 15 сентября 1844.";"";""
"Гоголь, Николай Васильевич";"писатель";"Гоголь Н. В. Полное собрание сочинений. М., 1952. – Т. 12. Письма. 1842-1845. 720 с., ил.: 4 л. ил.";"1952";"письмо";"односторонняя / двусторонняя";"Н. Н. Шереметевой. (1). середина сентября 1844.";"";""
"Гоголь, Николай Васильевич";"писатель";"Гоголь Н. В. Полное собрание сочинений. М., 1952. – Т. 12. Письма. 1842-1845. 720 с., ил.: 4 л. ил.";"1952";"письмо";"односторонняя / двусторонняя";"А. Г. Толстой. (1). 21 сентября 1844.";"";""
"Гоголь, Николай Васильевич";"писатель";"Гоголь Н. В. Полное собрание сочинений. М., 1952. – Т. 12. Письма. 1842-1845. 720 с., ил.: 4 л. ил.";"1952";"письмо";"односторонняя / двусторонняя";"С. Т. Аксакову. (1). конец сентября 1844.";"";""
"Гоголь, Николай Васильевич";"писатель";"Гоголь Н. В. Полное собрание сочинений. М., 1952. – Т. 12. Письма. 1842-1845. 720 с., ил.: 4 л. ил.";"1952";"письмо";"односторонняя / двусторонняя";"А. Г. Толстой. (1). конец сентября 1844.";"";""
"Гоголь, Николай Васильевич";"писатель";"Гоголь Н. В. Полное собрание сочинений. М., 1952. – Т. 12. Письма. 1842-1845. 720 с., ил.: 4 л. ил.";"1952";"письмо";"односторонняя / двусторонняя";"А. П. Толстому. (1). 1 октября 1844.";"";""
"Гоголь, Николай Васильевич";"писатель";"Гоголь Н. В. Полное собрание сочинений. М., 1952. – Т. 12. Письма. 1842-1845. 720 с., ил.: 4 л. ил.";"1952";"письмо";"односторонняя / двусторонняя";"А. А. Иванову. (1). 9 октября 1844.";"";""
"Гоголь, Николай Васильевич";"писатель";"Гоголь Н. В. Полное собрание сочинений. М., 1952. – Т. 12. Письма. 1842-1845. 720 с., ил.: 4 л. ил.";"1952";"письмо";"односторонняя / двусторонняя";"Л. К., А. М. Вьельгорским. (1). 24 октября 1844.";"";""
"Гоголь, Николай Васильевич";"писатель";"Гоголь Н. В. Полное собрание сочинений. М., 1952. – Т. 12. Письма. 1842-1845. 720 с., ил.: 4 л. ил.";"1952";"письмо";"односторонняя / двусторонняя";"М. И. Гоголь. (1). 24 октября 1844.";"";""
"Гоголь, Николай Васильевич";"писатель";"Гоголь Н. В. Полное собрание сочинений. М., 1952. – Т. 12. Письма. 1842-1845. 720 с., ил.: 4 л. ил.";"1952";"письмо";"односторонняя / двусторонняя";"А. О. Смирновой. (1). 24 октября 1844.";"";""
"Гоголь, Николай Васильевич";"писатель";"Гоголь Н. В. Полное собрание сочинений. М., 1952. – Т. 12. Письма. 1842-1845. 720 с., ил.: 4 л. ил.";"1952";"письмо";"односторонняя / двусторонняя";"С. М. Соллогуб. (1). ~24 октября 1844.";"";""
"Гоголь, Николай Васильевич";"писатель";"Гоголь Н. В. Полное собрание сочинений. М., 1952. – Т. 12. Письма. 1842-1845. 720 с., ил.: 4 л. ил.";"1952";"письмо";"односторонняя / двусторонняя";"А. О. Смирновой. (1). 27 октября 1844.";"";""
"Гоголь, Николай Васильевич";"писатель";"Гоголь Н. В. Полное собрание сочинений. М., 1952. – Т. 12. Письма. 1842-1845. 720 с., ил.: 4 л. ил.";"1952";"письмо";"односторонняя / двусторонняя";"В. А. Жуковскому. (1). 28 октября 1844.";"";""
"Гоголь, Николай Васильевич";"писатель";"Гоголь Н. В. Полное собрание сочинений. М., 1952. – Т. 12. Письма. 1842-1845. 720 с., ил.: 4 л. ил.";"1952";"письмо";"односторонняя / двусторонняя";"С. Т. Аксакову. (1). 29 октября 1844.";"";""
"Гоголь, Николай Васильевич";"писатель";"Гоголь Н. В. Полное собрание сочинений. М., 1952. – Т. 12. Письма. 1842-1845. 720 с., ил.: 4 л. ил.";"1952";"письмо";"односторонняя / двусторонняя";"А. М. Вьельгорской. (1). 29 октября 1844.";"";""
"Гоголь, Николай Васильевич";"писатель";"Гоголь Н. В. Полное собрание сочинений. М., 1952. – Т. 12. Письма. 1842-1845. 720 с., ил.: 4 л. ил.";"1952";"письмо";"односторонняя / двусторонняя";"С. М. Соллогуб. (1). ~29 октября 1844.";"";""
"Гоголь, Николай Васильевич";"писатель";"Гоголь Н. В. Полное собрание сочинений. М., 1952. – Т. 12. Письма. 1842-1845. 720 с., ил.: 4 л. ил.";"1952";"письмо";"односторонняя / двусторонняя";"Н. Н. Шереметевой. (1). 30 октября 1844.";"";""
"Гоголь, Николай Васильевич";"писатель";"Гоголь Н. В. Полное собрание сочинений. М., 1952. – Т. 12. Письма. 1842-1845. 720 с., ил.: 4 л. ил.";"1952";"письмо";"односторонняя / двусторонняя";"Н. М. Языкову. (1). 30 октября 1844.";"";""
"Гоголь, Николай Васильевич";"писатель";"Гоголь Н. В. Полное собрание сочинений. М., 1952. – Т. 12. Письма. 1842-1845. 720 с., ил.: 4 л. ил.";"1952";"письмо";"односторонняя / двусторонняя";"А. П. Толстому. (1). 31 октября 1844.";"";""
"Гоголь, Николай Васильевич";"писатель";"Гоголь Н. В. Полное собрание сочинений. М., 1952. – Т. 12. Письма. 1842-1845. 720 с., ил.: 4 л. ил.";"1952";"письмо";"односторонняя / двусторонняя";"С. П. Шевыреву. (1). 20 ноября 1844.";"";""
"Гоголь, Николай Васильевич";"писатель";"Гоголь Н. В. Полное собрание сочинений. М., 1952. – Т. 12. Письма. 1842-1845. 720 с., ил.: 4 л. ил.";"1952";"письмо";"односторонняя / двусторонняя";"К. С. Аксакову. (1). ~20 ноября 1844.";"";""
"Гоголь, Николай Васильевич";"писатель";"Гоголь Н. В. Полное собрание сочинений. М., 1952. – Т. 12. Письма. 1842-1845. 720 с., ил.: 4 л. ил.";"1952";"письмо";"односторонняя / двусторонняя";"С. Т. Аксакову. (1). 25 ноября 1844.";"";""
"Гоголь, Николай Васильевич";"писатель";"Гоголь Н. В. Полное собрание сочинений. М., 1952. – Т. 12. Письма. 1842-1845. 720 с., ил.: 4 л. ил.";"1952";"письмо";"односторонняя / двусторонняя";"В. А. Жуковскому. (1). 28 ноября 1844.";"";""
"Гоголь, Николай Васильевич";"писатель";"Гоголь Н. В. Полное собрание сочинений. М., 1952. – Т. 12. Письма. 1842-1845. 720 с., ил.: 4 л. ил.";"1952";"письмо";"односторонняя / двусторонняя";"П. А. Плетневу. (1). 28 ноября 1844.";"";""
"Гоголь, Николай Васильевич";"писатель";"Гоголь Н. В. Полное собрание сочинений. М., 1952. – Т. 12. Письма. 1842-1845. 720 с., ил.: 4 л. ил.";"1952";"письмо";"односторонняя / двусторонняя";"М. И. Гоголь. (1). 8 декабря 1844.";"";""
"Гоголь, Николай Васильевич";"писатель";"Гоголь Н. В. Полное собрание сочинений. М., 1952. – Т. 12. Письма. 1842-1845. 720 с., ил.: 4 л. ил.";"1952";"письмо";"односторонняя / двусторонняя";"А. В., Е. В., О. В. Гоголь. (1). октябрь — начало декабря 1844.";"";""
